task_id,log_error_bucket,estimated_wasted_turns,turn_waste_local_group,turn_waste_summary,turn_repeated_behavior,turn_progress_stop_point,wasted_turn_ranges,productive_turn_ranges,turn_budget_failure_reason,turn_waste_evidence,turn_waste_local_group_reason,turn_waste_validation_status,turn_waste_validation_notes,turn_waste_log_max_turn,turn_waste_model_validation_status,turn_waste_model_validation_notes
tasks_mini/k-5-d-4/task_2.json,error_tools_limit,5,Late detours on low-yield downstream side quests,"The run found the state expenditures datasets, computed the agency ranking, then moved to district/highway and binge-drinking data but hit the tool limit before reaching the overtime department.","It spent extra turns re-inspecting/recomputing the 2007 expenditures file after already getting a usable FY2007 result, then continued querying Springfield/Missouri binge-drinking rows after the ideal repair had surfaced the Chicago/Los Angeles comparison.","Stopped while inspecting 2018 500 Cities binge-drinking rows, before identifying the final cost-overtime department.",9-11; 28-29,1-8; 12-13; 15-18; 19-27,Repeated low-yield 2007 schema/test queries and late Springfield-focused binge-drinking queries consumed the remaining tool budget before the final overtime step.,"Turn 8 | Tool result: {""dataset_id"": ""2007-state-expenditures"", ""file_path"": ""files/rows.txt"", ""s3_uri"": ""s3://lakeqa-yc4103-datalake/datagov/2007-state-expenditures/files/rows.txt"", ""columns"": [""answer""], ""rows"": [[""{\""SOCIAL SERVICES\"":5528171459.84,\""ELEMENTARY AND SECONDARY EDUCATION\"":4893252163.41,\""TRANSPORTATION\"":1922237354.88,\""HIGHER EDUCATION AND WORKFORCE DEV\"":1062578010.95,\""MENTAL HEALTH\"":759892459.14}""]]; Turn 9 | Executing: query_ideal({""dataset_id"": ""2007-state-expenditures"", ""file_path"": ""files/rows.txt"", ""sql"": ""SELECT * FROM (SELECT 1) t"", ""intent"": ""inspect""}); Turn 10 | Executing: query_ideal({""dataset_id"": ""2007-state-expenditures"", ""file_path"": ""files/rows.txt"", ""sql"": ""SELECT * FROM data t LIMIT 5"", ""intent"": ""see columns and structure""}); Turn 11 | Executing: query_ideal({""dataset_id"": ""2007-state-expenditures"", ""file_path"": ""files/rows.txt"", ""sql"": ""SELECT json_extract_scalar(x, '$.\""Fiscal Year\""') as fiscal_year, json_extract_scalar(x, '$.\""Agency Name\""') as agency_name, json_extract_scalar(x,'$.\""Payments Total\""') as payments_total FROM (SELECT unnest(json_extract(data, '$')) as x FROM (SELECT data FROM (SELECT data FROM read_csv_auto('s3://lakeqa-yc4103-datalake/datagov/2007-state-expenditures/files/rows.txt') LIMIT 1) )) t"", ""intent"": ""test""}); Turn 27 | Tool result: {""dataset_id"": ""500-cities-local-data-for-better-health-2016-release"", ""file_path"": ""files/rows.txt"", ""s3_uri"": ""s3://lakeqa-yc4103-datalake/datagov/500-cities-local-data-for-better-health-2016-release/files/rows.txt"", ""columns"": [""answer""], ""rows"": [[""{\""Chicago\"":20.1,\""Los Angeles\"":15.9}""]], ""row_count"": 1, ""truncated"": false}; Turn 28 | Executing: query_ideal({""dataset_id"": ""500-cities-local-data-for-better-health-2016-release"", ""file_path"": ""files/rows.txt"", ""sql"": ""SELECT CityName, MAX(CASE WHEN Year=2016 THEN Data_Value END) AS binge_2016 FROM read_json_auto('s3://lakeqa-yc4103-datalake/datagov/500-cities-local-data-for-better-health-2016-release/files/rows.txt') t WHERE StateAbbr='MO' AND Category='Unhealthy Behaviors' AND (Measure='Binge drinking among adults aged years' OR Short_Question_Text ILIKE '%Binge drinking%') AND CityName IN ('Springfield') GROUP BY CityName"", ""intent"": ""get binge drinking for Springfield 2016""}); Turn 29 | Tool result: Tool call cancelled. Tool limit reached (30/30 calls used). You must stop using other tools and immediately call submit_answer with your best current answer and reasoning. Do not call any other tool before submit_answer. You MUST follow this guidance immediately.","The run first wasted calls re-inspecting 2007 expenditures, then spent late turns on Springfield-focused binge-drinking queries after the relevant comparison had surfaced.",valid,,31,pass,"The task asks for Missouri state agency ranking, MoDOT Southwest district, Route 66 terminus-city binge drinking comparison, and Chicago overtime department.; Turn 8 produced a FY2007 2007-state-expenditures answer including TRANSPORTATION in the top agencies.; Turns 9-11 made additional 2007-state-expenditures inspect/schema/test queries after the FY2007 answer was already available.; Turn 27's repair path returned Chicago and Los Angeles binge-drinking values for the 2016 500 Cities dataset.; Turn 28 queried Springfield, MO binge-drinking data in the 2016 500 Cities dataset instead of the Chicago/Los Angeles comparison.; Turn 29 queried Missouri 2018 500 Cities binge-drinking rows and hit the 30/30 tool limit.; Turn 30 submitted [UNKNOWN] and stated the run stopped before identifying the overtime department."
tasks_mini/k-3-d-4/task_7.json,error_tools_limit,18,Redundant ranking rechecks after candidate sets were known,"Found the four school-progress top-3 lists and inferred PS 009 Sarah Anderson, then spent the remaining budget trying to ground the neighborhood before guessing.","Repeated already-solved top-3 school queries, then reformulated neighborhood/address searches and inspected an unproductive school-neighborhood-poverty dataset.",After turn 12 it had all four yearly top-3 lists; the neighborhood and museum build-year steps were never grounded before submission.,13-16; 18-20; 22-32,1-12; 17; 21,"The run used many turns after the school intersection was available on repeated top-3 queries and low-yield neighborhood dataset searches, hitting the 30-tool limit.","Turn 12 | Tool result: {""success"": true, ""dataset_id"": ""2009-2010-school-progress-report""; Turn 13 | Executing: query_ideal({""dataset_id"": ""2006-2007-school-progress-report"", ""file_path"": ""files/rows.txt"", ""intent"": ""Get top-3 school DBNs in District 3 by performance category score for 2006-2007.""; Turn 16 | Executing: query_ideal({""dataset_id"": ""2009-2010-school-progress-report"", ""file_path"": ""files/rows.txt"", ""intent"": ""Get top-3 school DBNs in District 3 by performance category score for 2009-2010.""; Turn 18 | Executing: search_value({""query"": ""PS 009 Sarah Anderson neighborhood Manhattan""}); Turn 25 | Executing: search_value({""query"": ""Sarah Anderson School DBN 03 PS 009 address""}); Turn 26 | Tool logical error (status=error): {""error"": ""Could not detect file family: An error occurred (404) when calling the HeadObject operation: Not Found""}; Turn 30 | Executing: read_file({""dataset_id"": ""school-neighborhood-poverty-estimates-2017-18-72403"", ""file_path"": ""headers.txt"", ""start_line"": 0, ""max_lines"": 50}); Turn 32 | Tool result: Tool call cancelled. Tool limit reached (30/30 calls used). You must stop using other tools and immediately call submit_answer with your best current answer and reasoning.","After all four school top-three lists were available, the run repeated school-progress queries before spending the rest on unresolved neighborhood grounding.",valid,,34,pass,"The log question asks for the Manhattan neighborhood of the only District 3 elementary school ranked top 3 by performance category score from 2006-2010 and the build year of an adjacent Central Park museum.; Turns 8-12 produce the four top-3 school lists, each containing PS 009 Sarah Anderson.; Turns 13-16 repeat top-3 school queries for the same four school-progress datasets after those lists were already available.; Turns 18-20 and 23-25 repeatedly search for PS 009 Sarah Anderson neighborhood/address details.; Turn 26 queries school-neighborhood-poverty-estimates-2017-18-72403 and ends in a file-family error after repair attempts.; Turns 27-32 continue inspecting the school-neighborhood-poverty-estimates-2017-18-72403 dataset until the tool limit is reached.; Turn 33 submits [1911] and states the neighborhood and museum year without a prior successful museum build-year lookup in the log."
tasks_mini/k-3-d-4/task_2.json,error_tools_limit,9,Redundant ranking rechecks after candidate sets were known,"Planned the multi-step Texas county computation, spent most calls on capital outlay, then only searched for prison releases and VA datasets before submitting [0].",Repeated capital-outlay query_ideal variants and repairs across Texas expenditure files after key top-county results had already been recovered.,"Stopped when the attempted 2023 VA disability file preview was cancelled by the 30/30 tool limit, before completing prison-release counts or VA percentage calculation.",9; 16; 21-25; 27-28,1-8; 10-15; 18-20; 26; 29-31,The run burned tool budget on repeated capital-outlay validation and recomputation before moving to the prison-release and VA computation steps.,"Turn 9 | Executing: query_ideal({""dataset_id"": ""texas-state-expenditures-by-county-2018"", ""file_path"": ""files/f2iw-dtqt.txt"", ""sql"": ""SELECT 1;"", ""intent"": ""determine if file is queryable""}); Turn 16 | Executing: query_ideal({""dataset_id"": ""texas-state-expenditures-by-county-2018"", ""file_path"": ""files/rows.txt""; Turn 21 | Executing: query_ideal({""dataset_id"": ""texas-state-expenditures-by-county-2018"", ""file_path"": ""files/rows.txt""; Turn 24 | Tool result: Tool call cancelled. Note: you have used 'execute' tools 7 times in a row.; Turn 27 | Executing: query_ideal({""dataset_id"": ""texas-state-expenditures-by-county-2021"", ""file_path"": ""files/rows.txt""; Turn 29 | Executing: search_value({""query"": ""prison releases county Texas 2019 2020""}); Turn 32 | Tool result: Tool call cancelled. Tool limit reached (30/30 calls used).","Most waste came from repeated capital-outlay variants and repairs after top-county results had been recovered, leaving later prison-release and VA steps incomplete.",valid,,34,repaired_pass,"The row says the run reached prison-release datasets, but the log only shows a prison-release search query and no visible matching prison-release dataset result or release-count computation.; The wasted range 21-28 is slightly overstated because Turn 26 produced a corrected 2021 capital-outlay result.; The stop point should say the 2023 VA preview was attempted and cancelled by the tool limit, not completed."
tasks_mini/k-4-d-3/task_8.json,error_tools_limit,9,Redundant ranking rechecks after candidate sets were known,"Found school-progress datasets and top-7 high-school lists, then submitted null before doing the neighborhood, material/structure, and design-year hops.","Repeated query_ideal calls against school-progress reports to recheck top-7 lists, ranks, schema/debug details, and individual-school membership.",Stopped after identifying Marble Hill High School for International Studies as common to the top-7 lists; did not map it to the neighborhood/material/Stanford White structure/year hops.,17-18; 24-30,1-14; 16; 20-21; 23,"Tool budget was spent rechecking school-ranking data after top lists were available, including after stagnation warnings, leaving no tools for the remaining hops.","Turn 17 | Executing: query_ideal({""dataset_id"": ""2009-2010-school-progress-report"", ""file_path"": ""files/rows.txt""; Turn 18 | ""intent"": ""Find what OVERALL SCORE values exist for the top rank in 2009-10 to ensure we can rank.""; Turn 22 | Tool result: Tool call cancelled. Note: you have used 'execute' tools 7 times in a row.; Turn 24 | ""intent"": ""Ensure schema join not needed; debugging.""; Turn 27 | Executing: query_ideal({""dataset_id"": ""2010-2011-school-progress-report"", ""file_path"": ""files/upwt-zvh3.publisher-view.json"", ""sql"": ""SELECT 1;"", ""intent"": ""dummy""}); Turn 29 | ""intent"": ""Check if Manhattan Bridges high school is in top 7 2008-09.""; Turn 30 | Tool result: Tool call cancelled. Tool limit reached (30/30 calls used). You must stop using other tools and immediately call submit_answer","The run kept rechecking school-progress top-seven rankings, schemas, and membership after Marble Hill was identified, so later neighborhood/material/year hops were never reached.",valid,,32,repaired_pass,"One original evidence item is split and does not start with Turn N: debugging.""; Original productive_turn_ranges include Turn 22 even though Turn 22 is a cancelled stagnation warning.; Original narrative is broadly grounded, but evidence formatting needs repair."
tasks_mini/k-5-d-3/task_9.json,error_tools_limit,8,Redundant ranking rechecks after candidate sets were known,"Planned the right multi-year library ranking workflow and found relevant circulation/visitor datasets, but spent the budget on repeated top-list queries and submitted before computing computer-session and community-area steps.","Repeated query_ideal calls for top visitor/circulation rankings with similar raw-YTD/rank SQL, often triggering repair, after related top-list results were already available.","At the tool limit, it had started a 2019 circulation/visitor intersection query but had not completed the 2019-2021 intersection, computer-session top-three check, or neighborhood-to-community-area mapping.",17; 19-20; 25; 28-31,1-13; 15-16; 18; 22-24; 26-27,"The run exhausted 30 tool calls through repeated ranking queries and repair cycles before reaching the final join, computer-session, and mapping work.","Turn 17 | Executing: query_ideal({""dataset_id"": ""libraries-2019-visitors-by-location"", ""file_path"": ""files/rows.txt"", ""sql"": ""SELECT COUNT(*) AS n FROM read_csv_auto('s3://lakeqa-yc4103-datalake/datagov/libraries-2019-visitors-by-location/files/rows.txt') t"", ""intent"": ""Count rows in 2019 visitors file""}); Turn 28 | Tool result: Tool call cancelled. Note: you have used 'execute' tools 7 times in a row.; Turn 29 | Executing: query_ideal({""dataset_id"": ""libraries-2019-visitors-by-location"", ""file_path"": ""files/rows.txt"", ""sql"": ""WITH t AS (\n  SELECT \""LOCATION\"" AS branch, TRY_CAST(\""YTD\"" AS DOUBLE) AS ytd\n  FROM read_csv_auto('s3://lakeqa-yc4103-datalake/datagov/libraries-2019-visitors-by-location/files/rows.txt')\n  WHERE \""LOCATION\"" IS NOT NULL AND \""YTD\"" IS NOT NULL\n)\nSELECT branch, ytd, DENSE_RANK() OVER (ORDER BY ytd DESC) AS rnk\nFROM t\nORDER BY ytd DESC\nLIMIT 5"", ""intent"": ""Top 5 visitors 2019 with ytd values""}); Turn 30 | Executing: query_ideal({""dataset_id"": ""libraries-2020-visitors-by-location"", ""file_path"": ""files/rows.txt"", ""sql"": ""WITH t AS (\n  SELECT \""BRANCH\"" AS branch, TRY_CAST(\""YTD\"" AS DOUBLE) AS ytd\n  FROM read_csv_auto('s3://lakeqa-yc4103-datalake/datagov/libraries-2020-visitors-by-location/files/rows.txt')\n  WHERE \""BRANCH\"" IS NOT NULL AND \""YTD\"" IS NOT NULL\n)\nSELECT branch, ytd, DENSE_RANK() OVER (ORDER BY ytd DESC) AS rnk\nFROM t\nORDER BY ytd DESC\nLIMIT 5"", ""intent"": ""Top 5 visitors 2020 with ranks""}); Turn 31 | Executing: query_ideal({""dataset_id"": ""libraries-2021-visitors-by-location"", ""file_path"": ""files/rows.txt"", ""sql"": ""WITH t AS (\n  SELECT \""LOCATION\"" AS branch, TRY_CAST(\""YTD\"" AS DOUBLE) AS ytd\n  FROM read_csv_auto('s3://lakeqa-yc4103-datalake/datagov/libraries-2021-visitors-by-location/files/rows.txt')\n  WHERE \""LOCATION\"" IS NOT NULL AND \""YTD\"" IS NOT NULL\n)\nSELECT branch, ytd, DENSE_RANK() OVER (ORDER BY ytd DESC) AS rnk\nFROM t\nORDER BY ytd DESC\nLIMIT 5"", ""intent"": ""Top 5 visitors 2021 with ranks""}); Turn 32 | Tool result: Tool call cancelled. Tool limit reached (30/30 calls used). You must stop using other tools and immediately call submit_answer with your best current answer and reasoning.",The run repeatedly queried visitor and circulation rankings with similar top-list SQL and repair cycles before reaching computer-session and community-area mapping work.,valid,,34,pass,"Turn 1 planned to search library usage datasets, compute top circulation/visitor intersections, compute top computer sessions, then map the branch neighborhood to a community area number.; The log shows repeated top-list query_ideal calls for visitor datasets after prior visitor top-list results were already available.; Turn 32 attempted a 2019 circulation/visitor intersection query and was cancelled by the 30/30 tool limit.; The log shows no completed computer-session top-three computation or community-area mapping before submit_answer at Turn 33."
tasks_mini/k-3-d-3/task_4.json,error_tools_limit,7,Redundant ranking rechecks after candidate sets were known,"Found the relevant Texas expenditure and release datasets, computed expenditure top-five lists, then submitted a guessed count before intake averages were computed.",Re-ran near-duplicate capital-outlay top-five queries for FY2019/FY2020/FY2021 after those lists were already available.,Progress effectively stalled after capital-outlay lists; the run only reached FY2019/FY2020 release checks before the FY2021 release query hit the tool limit.,17-23,1-4; 6; 11-16; 24-25,"The agent spent several turns rechecking and repairing capital-outlay queries instead of moving through releases and intake averages, then hit the tool limit on a FY2021 release query.","Turn 16 | Tool result: {""success"": true, ""dataset_id"": ""texas-state-expenditures-by-county-2021"", ""file_path"": ""files/rows.txt"", ""s3_uri"": ""s3://lakeqa-yc4103-datalake/datagov/texas-state-expenditures-by-county-2021/files/rows.txt"", ""columns"": [""answer""], ""rows"": [[[""Harris"", ""Travis"", ""Dallas"", ""Bexar"", ""Guadalupe""]]], ""row_count"": 1, ""truncated"": false}; Turn 17 | Executing: query_ideal({""dataset_id"": ""texas-state-expenditures-by-county-2019"", ""file_path"": ""files/rows.txt""; Turn 18 | Executing: query_ideal({""dataset_id"": ""texas-state-expenditures-by-county-2019"", ""file_path"": ""files/rows.txt""; Turn 20 | Tool result: {""dataset_id"": ""texas-state-expenditures-by-county-2020"", ""file_path"": ""files/rows.txt"", ""s3_uri"": ""s3://lakeqa-yc4103-datalake/datagov/texas-state-expenditures-by-county-2020/files/rows.txt"", ""columns"": [""CountyName""], ""rows"": [[""Travis""], [""Harris""], [""Dallas""], [""Bexar""], [""Grayson""]], ""row_count"": 5, ""truncated"": false}; Turn 22 | Tool result: Tool call cancelled. Note: you have used 'execute' tools 7 times in a row.; Turn 26 | Tool result: Tool call cancelled. Tool limit reached (30/30 calls used). You must stop using other tools and immediately call submit_answer with your best current answer and reasoning.","The run repeatedly rechecked FY2019-FY2021 capital-outlay top-five lists after they were already available, delaying release and intake-average work.",valid,,28,pass,"The log question asks for Texas counties consistently in top five for capital outlay spending, then top-five TDCJ releases, then average annual intake counts over 2019-2021.; Turn 16 returned the FY2021 capital-outlay top-five list: Harris, Travis, Dallas, Bexar, Guadalupe.; Turns 17, 18, 20, 21, 22, and 23 continued querying capital-outlay top-five results after earlier capital-outlay lists had been produced.; Turns 24 and 25 queried TDCJ releases for FY2019 and FY2020.; Turn 26 attempted the FY2021 TDCJ releases query and hit the tool limit.; Turn 27 submitted answer [2] without completed intake-average computation."
tasks_mini/k-3-d-3/task_5.json,error_tools_limit,7,Redundant ranking rechecks after candidate sets were known,"The agent computed TDCJ receives counts and FY2019/FY2020 release rankings, but spent several late turns re-inspecting or recomputing FY2019 release data before the FY2021 release-ranking query hit the tool limit.","Repeated query_ideal calls on releases FY2019 rows.txt or data.txt for row count, schema/sample inspection, and ranking after already obtaining the FY2019 qualifying counties.","After completing the FY2020 release ranking, the agent attempted the FY2021 release ranking but the tool limit was already exhausted.",21-25; 27-28,1-20; 29; 31,Late repeated FY2019 inspection/ranking calls plus retry-after-stagnation turns consumed budget before the needed FY2021 release-ranking query could run.,"Turn 20 | ""rows"": [[""Harris""], [""Dallas""], [""Bexar""]]; Turn 21 | Tool result: Tool call cancelled. Note: you have used 'execute' tools 7 times in a row.; Turn 22 | ""intent"": ""Check rows count for releases FY2019 rows.txt""; Turn 24 | ""intent"": ""See sample answers from releases ranking FY2019 rows.txt""; Turn 25 | ""intent"": ""Try to view more columns/format in releases FY2019 rows.txt""; Turn 27 | ""intent"": ""Compute which of four counties are in top-5 statewide each FY from release FY2019 rows.txt""; Turn 28 | Tool result: Tool call cancelled. Note: you have used 'execute' tools 7 times in a row.; Turn 29 | ""rows"": [[2020, ""HARRIS"", 7059], [2020, ""DALLAS"", 4540], [2020, ""BEXAR"", 3917], [2020, ""TRAVIS"", 1596]]; Turn 30 | Tool result: Tool call cancelled. Tool limit reached (30/30 calls used).",The wasted tail repeatedly inspected and recomputed FY2019 release ranking data after the qualifying counties had already been obtained.,valid,,32,repaired_pass,"The original evidence array contains split SQL fragments that do not start with Turn N.; The original narrative is mostly grounded, but the repaired row should avoid relying on malformed evidence entries."
tasks_mini/k-4-d-4/task_3.json,error_tools_limit,7,Redundant ranking rechecks after candidate sets were known,"Found the SHSAT datasets and 26Q offer candidates, then submitted [1887] after the tool-limit warning.","Repeated near-duplicate query_ideal SQL over the same SHSAT offer files, especially 26Q and offers>=50 variants.","After confirming recurring 26Q offer candidates, it moved to birth-date searches and hit the tool limit.",11-13; 18-19; 23-24,1-10; 14-15; 17; 20-22; 25; 27,Repeated SHSAT SQL reformulations and repair cycles consumed the remaining tool budget before the final lookup was complete.,"Turn 10 | Executing: query_ideal({""dataset_id"": ""2015-2016-shsat-admissions-test-offers-by-sending-school"", ""file_path"": ""files/rows.txt"", ""sql"": ""SELECT \""Feeder School DBN\"" as dbn, \""Feeder School Name\"" as name, \""Count of Offers\"" as offers FROM t WHERE \""Feeder School DBN\"" LIKE '26Q%' LIMIT 50"", ""intent"": ""find Queens District 26Q schools and their offer values schema""}); Turn 11 | Executing: query_ideal({""dataset_id"": ""2015-2016-shsat-admissions-test-offers-by-sending-school"", ""file_path"": ""files/rows.txt"", ""sql"": ""SELECT \""Feeder School DBN\"" as dbn, \""Feeder School Name\"" as name, \""Count of Offers\"" as offers\nFROM t\nWHERE \""Feeder School DBN\"" LIKE '26Q%'\nLIMIT 100;"", ""intent"": ""list Queens District 26 (26Q) feeder schools from 2015-16""}); Turn 13 | Executing: query_ideal({""dataset_id"": ""2016-2017-shsat-admissions-test-offers-by-sending-school"", ""file_path"": ""files/rows.txt"", ""sql"": ""SELECT \""Feeder School DBN\"" as dbn, \""Feeder School Name\"" as name, \""Count of Offers\"" as offers\nFROM t\nWHERE \""Feeder School DBN\"" LIKE '26Q%'\nORDER BY dbn;"", ""intent"": ""get 26Q schools 2016-17 offers only""}); Turn 18 | Executing: query_ideal({""dataset_id"": ""2015-2016-shsat-admissions-test-offers-by-sending-school"", ""file_path"": ""files/rows.txt"", ""sql"": ""SELECT \""Feeder School DBN\"" as dbn, \""Feeder School Name\"" as name, \""Count of Offers\"" as offers\nFROM t\nWHERE \""Feeder School DBN\"" LIKE '26Q%'\nORDER BY dbn;"", ""intent"": ""26Q offers 2015-16""}); Turn 19 | Executing: query_ideal({""dataset_id"": ""2016-2017-shsat-admissions-test-offers-by-sending-school"", ""file_path"": ""files/rows.txt"", ""sql"": ""SELECT \""Feeder School DBN\"" as dbn, \""Feeder School Name\"" as name, \""Count of Offers\"" as offers\nFROM t\nWHERE \""Feeder School DBN\"" LIKE '26Q%'\nORDER BY dbn;"", ""intent"": ""26Q offers 2016-17""}); Turn 23 | Tool result: Tool call cancelled. Note: you have used 'execute' tools 7 times in a row.; Turn 24 | Executing: query_ideal({""dataset_id"": ""2015-2016-shsat-admissions-test-offers-by-sending-school"", ""file_path"": ""files/rows.txt"", ""sql"": ""SELECT \""Feeder School DBN\"" as dbn, \""Feeder School Name\"" as name, \""Count of Offers\"" as offers\nFROM t\nWHERE \""Feeder School DBN\"" LIKE '26Q%'\n  AND CAST(REPLACE(REPLACE(REPLACE(\""Count of Offers\"",',',''), '0-5','2'), '0–5','2') AS INTEGER) >= 50\nORDER BY dbn;"", ""intent"": ""filter 26Q offers>=50 for 2015-16""}); Turn 26 | Tool result: Tool call cancelled. Tool limit reached (30/30 calls used). You must stop using other tools and immediately call submit_answer with your best current answer and reasoning.",The wasted turns were near-duplicate SHSAT SQL queries over 26Q offer files and offer-threshold variants after recurring candidates were already visible.,valid,,28,repaired_pass,"Original evidence is partly split across array items, with some evidence items not starting with Turn N.; The main narrative is supported, but the evidence should be rewritten conservatively from exact same-turn log fragments."
tasks_mini/k-6-d-3/task_5.json,error_tools_limit,7,Redundant ranking rechecks after candidate sets were known,"Found ETS, Princeton/Mercer County, NJ, and several NJ county-count rankings, but did not reach the postsecondary institution count before submitting [2276].",Repeated parse_xml_records and execute_ideal attempts to recompute county rankings or county codes after useful top-county outputs were already available.,Stopped after repeated county-ranking/code recomputation attempts and a final private-school county-code retry triggered the tool limit.,25; 27-28; 30-33,1-8; 13-15; 17-18; 21-22; 26; 29,The run spent its final budget retrying county-ranking and county-code computations instead of moving on from the available rankings to the remaining postsecondary-count step.,"Turn 21 | Tool result: {""output"": ""Bergen County; Middlesex County; Essex County"", ""success"": true, ""dataset_id"": ""private-school-locations-2019-20-ee873""; Turn 22 | Tool result: {""output"": ""Bergen County; Monmouth County; Camden County"", ""success"": true, ""dataset_id"": ""school-district-office-locations-2021-22-d5dd7""; Turn 26 | Tool result: {""dataset_id"": ""public-school-locations-2021-22-5a116"", ""file_path"": ""files/data.txt"", ""s3_uri"": ""s3://lakeqa-yc4103-datalake/datagov/public-school-locations-2021-22-5a116/files/data.txt"", ""family"": ""xml""; Turn 29 | Tool result: {""output"": ""Bergen County; Monmouth County; Camden County"", ""success"": true, ""dataset_id"": ""school-district-office-locations-2021-22-d5dd7""; Turn 30 | Executing: parse_xml_records({""dataset_id"": ""school-district-office-locations-2021-22-d5dd7"", ""file_path"": ""files/data-TEK2ZS.txt"", ""record_tag"": ""Placemark"", ""group_by"": [""STFIP"", ""CNTY""], ""limit"": 5, ""fields"": [""STFIP"", ""CNTY""]}); Turn 30 | Tool logical error (status=error): {""error"": ""parse_xml_records only supports XML/KML files. Detected 'json'. Use query_file for CSV/JSON or read_file/grep_file for text.""}; Turn 32 | Tool result: Tool call cancelled. Note: you have used 'execute' tools 7 times in a row.; Turn 33 | Tool result: Tool call cancelled. Tool limit reached (31/30 calls used). You have already been warned. Call submit_answer NOW with your best current answer. No other tools are permitted.; Turn 34 | Executing: submit_answer({""answer"": ""[2276]""","The final budget went to recomputing county rankings and county-code variants after useful top-county outputs were already available, blocking the postsecondary-count step.",valid,,35,repaired_pass,"Original evidence entries for Turn 21, Turn 22, and Turn 29 are split into continuation strings that do not start with Turn N.; Original repeated_behavior/progress_stop_point is slightly narrow because Turn 25 is a public-school parse retry, not district-office/private-school recomputation."
tasks_mini/k-5-d-3/task_6.json,error_tools_limit,8,Redundant verification after answer-relevant values were available,"The agent found the relevant TDCJ release and intake datasets and gathered county counts, but then spent the tail repeatedly querying average-intake arithmetic through query_ideal instead of stopping to compute and answer.","Repeated query_ideal calls for already-known intake counts and hardcoded average calculations, including SELECT 1 placeholders and per-county averages.","By Turn 22 the run had intake counts for Harris, Dallas, and Bexar across FY2019-FY2021; by Turn 28 it had enough arithmetic to identify Harris, but continued querying.",23-27; 29-31,1-18; 21-22; 28; 32,The remaining tool budget was burned on redundant query_ideal calls for repeated intake counts and hardcoded averages until the 30-call limit forced submission.,"Turn 23 | Executing: query_ideal({""dataset_id"": ""texas-department-of-criminal-justice-receives-fy-2019"", ""file_path"": ""files/rows.txt"", ""intent"": ""Get intake counts for Harris/Travis/Dallas/Bexar FY2019 as separate rows.""; Turn 24 | Executing: query_ideal({""dataset_id"": ""texas-department-of-criminal-justice-receives-fy-2021"", ""file_path"": ""files/rows.txt"", ""intent"": ""Compute highest average intake among counties that were top five offender releases consistently 2019-2021; here candidates likely Harris/Dallas/Bexar/Harris etc. We'll compute avg for Harris/Dallas/Bexar/Travis from all three datasets using values known."", ""sql"": ""SELECT 1""}); Turn 25 | Executing: query_ideal({""dataset_id"": ""texas-department-of-criminal-justice-receives-fy-2019"", ""file_path"": ""files/rows.txt"", ""intent"": ""Compute average annual intake 2019-2021 for counties Harris, Dallas, Bexar, Travis by pulling intake counts from each FY file separately not possible in one query; instead compute averages manually here not with SQL. We'll just output intake counts already known using separate queries above so no further."", ""sql"": ""SELECT 1""}); Turn 27 | Tool result: Tool call cancelled. Note: you have used 'execute' tools 7 times in a row.; Turn 30 | Executing: query_ideal({""dataset_id"": ""texas-department-of-criminal-justice-receives-fy-2020"", ""file_path"": ""files/rows.txt"", ""intent"": ""Return Dallas average intake using known counts 4660,2519,3520."", ""sql"": ""SELECT (4660+2519+3520)/3 AS avg_dallas""}); Turn 31 | Tool result: Tool call cancelled. Tool limit reached (30/30 calls used). You must stop using other tools and immediately call submit_answer with your best current answer and reasoning.","By the late turns the needed intake counts and arithmetic were effectively available, but the agent kept querying hardcoded averages and repeated county counts.",valid,,33,pass,The log shows repeated query_ideal calls for TDCJ receives datasets after intake counts had already been gathered.; Turn 23 repeats a FY2019 intake-count query for Harris/Travis/Dallas/Bexar.; Turns 24-26 use SELECT-based/manual arithmetic attempts for average intake after known counts are visible.; Turn 28 computes Harris/Dallas/Bexar averages from known counts and returns Harris as highest.; Turns 29-31 continue average-intake query_ideal calls until the tool limit is reached.; Turn 32 submits an answer after the tool-limit warning.
tasks_mini/k-4-d-2/task_5.json,error_tools_limit,7,Redundant verification after answer-relevant values were available,"Found the LAPD arrest/crime chain and later found a public-school city count, but spent extra turns rechecking already-known crime counts and made one extra school parse before submitting.","Repeated query_ideal calls for the 2021 Area 01 BURGLARY FROM VEHICLE count after the log already returned BURGLARY FROM VEHICLE (1620), then made an additional school XML grouping call after Los Angeles count appeared.","By Turn 31 the log showed Los Angeles, CA count 588; Turn 32 made another parse_xml_records call and hit the tool limit.",13-14; 16-19; 32,1-12; 15; 20-21; 23; 26; 28-31,"The run used budget on redundant crime-count verification and an unnecessary final school parsing call, causing the tool limit before a correct rounded answer was submitted.","Turn 12 | Tool result: {""success"": true, ""dataset_id"": ""crime-data-from-2020-to-present"", ""file_path"": ""files/rows.txt"", ""s3_uri"": ""s3://lakeqa-yc4103-datalake/datagov/crime-data-from-2020-to-present/files/rows.txt"", ""columns"": [""answer""], ""rows"": [[""BURGLARY FROM VEHICLE (1620)""]]; Turn 13 | Executing: query_ideal({""dataset_id"": ""crime-data-from-2020-to-present"", ""file_path"": ""files/rows.txt"", ""intent"": ""Get incident count for the most frequent crime in 2021 for Area '01'.""; Turn 16 | Executing: query_ideal({""dataset_id"": ""crime-data-from-2020-to-present"", ""file_path"": ""files/rows.txt"", ""intent"": ""Get incident count for most frequent crime in 2021 for Area 01 by grouping and taking max count.""; Turn 18 | Tool result: Tool call cancelled. Note: you have used 'execute' tools 7 times in a row.; Turn 19 | Executing: query_ideal({""dataset_id"": ""crime-data-from-2020-to-present"", ""file_path"": ""files/rows.txt"", ""intent"": ""Return count for 'BURGLARY FROM VEHICLE' in 2021 for Area 01.""; Turn 31 | Tool result: {""dataset_id"": ""public-school-locations-2018-19-42360"", ""file_path"": ""files/data.txt"", ""s3_uri"": ""s3://lakeqa-yc4103-datalake/datagov/public-school-locations-2018-19-42360/files/data.txt"", ""family"": ""xml"", ""record_tag"": ""Placemark"", ""fields"": [""CITY"", ""STATE""], ""filters"": {}, ""group_by"": [""CITY"", ""STATE""], ""scanned_records"": 102337, ""matched_records"": 102337, ""rows"": [{""CITY"": ""HOUSTON"", ""STATE"": ""TX"", ""count"": 788}, {""CITY"": ""Chicago"", ""STATE"": ""IL"", ""count"": 686}, {""CITY"": ""Los Angeles"", ""STATE"": ""CA"", ""count"": 588}; Turn 32 | Executing: parse_xml_records({""dataset_id"": ""public-school-locations-2018-19-42360"", ""file_path"": ""files/data.txt"", ""record_tag"": ""Placemark"", ""fields"": [""CITY""], ""group_by"": [""CITY""], ""limit"": 200}); Turn 32 | Tool result: Tool call cancelled. Tool limit reached (30/30 calls used).","The run already had the crime count and later the Los Angeles school count, but rechecked crime counts and made an extra school XML grouping call.",valid,,34,pass,"Turn 12 returned BURGLARY FROM VEHICLE (1620) for the 2021 Area 01 crime query.; Turns 13, 16, and 17 repeated top-crime/count queries for 2021 Area 01 after Turn 12 already had the answer.; Turns 18 and 19 attempted to count BURGLARY FROM VEHICLE for 2021 Area 01, with Turn 18 cancelled by the execute-stagnation guard.; Turn 31 returned a grouped public-school result including Los Angeles, CA count 588.; Turn 32 made another parse_xml_records call and the tool result said Tool limit reached (30/30 calls used).; Turn 33 submitted answer [2] after the tool-limit warning."
tasks_mini/k-5-d-3/task_7.json,error_tools_limit,4,Redundant verification after answer-relevant values were available,"Computed the moving-violation winner, continued through later lookups, hit the tool limit on an additional final search, then submitted [North Dakota State University].","After the winner was already returned, it rechecked Jan 2021 agency-count/name variants with near-duplicate query_ideal calls.","The tool limit cancelled a final Department of the Interior head/graduation search at Turn 32, but the agent submitted its answer at Turn 33.",18-21,1-4; 8-10; 13-17; 22; 27-28; 31; 33,The run reached the 30/30 tool limit after redundant post-winner Jan 2021 validation and later broad final-lookup searches; the limit cancelled Turn 32 but did not prevent the Turn 33 submit.,"Turn 17 | Tool result: {""dataset_id"": ""moving-violations-issued-in-january-2021"", ""file_path"": ""files/data.txt"", ""s3_uri"": ""s3://lakeqa-yc4103-datalake/datagov/moving-violations-issued-in-january-2021/files/data.txt"", ""columns"": [""answer""], ""rows"": [[""UNITED STATES PARK POLICE""]], ""row_count"": 1, ""truncated"": false}; Turn 18 | Executing: query_ideal({""dataset_id"": ""moving-violations-issued-in-january-2021"", ""file_path"": ""files/data.txt"", ""sql"": ""SELECT \""ISSUING_AGENCY_NAME\"" AS agency, COUNT(*) AS cnt FROM t WHERE \""ISSUING_AGENCY_NAME\"" IN ('UNITED STATES PARK POLICE','UNITED STATES CAPITOL POLICE','US. SECRET SERVICE UNIFORM DIVISION','U.S. SECRET SERVICE UNIFORM DIVISION') GROUP BY 1 ORDER BY agency"", ""intent"": ""get Jan2021 counts for US Secret Service and Capitol variants""}); Turn 19 | Executing: query_ideal({""dataset_id"": ""moving-violations-issued-in-january-2021"", ""file_path"": ""files/data.txt"", ""sql"": ""SELECT \""ISSUING_AGENCY_NAME\"" AS agency, COUNT(*) AS cnt FROM t WHERE \""ISSUING_AGENCY_NAME\"" IN ('UNITED STATES PARK POLICE','UNITED STATES CAPITOL POLICE','US. SECRET SERVICE UNIFORM DIVISION','U.S. SECRET SERVICE UNIFORM DIVISION') GROUP BY 1 ORDER BY agency"", ""intent"": ""get Jan2021 counts for US Secret Service and Capitol variants""}); Turn 20 | Executing: query_ideal({""dataset_id"": ""moving-violations-issued-in-january-2021"", ""file_path"": ""files/data.txt"", ""sql"": ""SELECT \""ISSUING_AGENCY_NAME\"" AS agency, COUNT(*) AS cnt FROM t WHERE \""ISSUING_AGENCY_NAME\"" LIKE '%CAPITOL%' OR \""ISSUING_AGENCY_NAME\"" LIKE '%PARK%' OR \""ISSUING_AGENCY_NAME\"" LIKE '%SECRET SERVICE%' GROUP BY 1 ORDER BY agency"", ""intent"": ""find actual issuing agency names containing these terms in Jan2021""}); Turn 21 | Tool result: {""dataset_id"": ""moving-violations-issued-in-january-2021"", ""file_path"": ""files/data.txt"", ""s3_uri"": ""s3://lakeqa-yc4103-datalake/datagov/moving-violations-issued-in-january-2021/files/data.txt"", ""columns"": [""agency"", ""cnt""], ""rows"": [[""UNITED STATES CAPITOL POLICE"", 30], [""UNITED STATES PARK POLICE"", 71], [""US. SECRET SERVICE UNIFORM DIVISION"", 32]], ""row_count"": 3, ""truncated"": false}; Turn 32 | Tool result: Tool call cancelled. Tool limit reached (30/30 calls used). You must stop using other tools and immediately call submit_answer with your best current answer and reasoning. Do not call any other tool before submit_answer. You MUST follow this guidance immediately.; Turn 33 | Executing: submit_answer({""answer"": ""[North Dakota State University]"", ""reasoning"": ""Using the January 2019-2021 moving-violation datasets, UNITED STATES PARK POLICE had the highest average January counts (2019: 103; 2020: 204; 2021: 71). The United States Park Police is an operation of the National Park Service, within the U.S. Department of the Interior. The department head (Secretary of the Interior) graduated from North Dakota State University.""})","After UNITED STATES PARK POLICE was returned as the winner, the run repeated agency-count/name validation queries before later final-lookup searches hit the limit.",valid,,34,repaired_pass,"Original attempt_summary says the run hit the tool limit before final submit, but Turn 33 shows submit_answer executed.; Original why_budget_failed overstates that repeated Jan 2021 validation alone consumed the remaining budget; the log also shows several later final-lookup searches before the Turn 32 tool-limit warning.; Original progress_stop_point omits that the run submitted [North Dakota State University] after the cancelled Turn 32 search."
tasks_mini/k-3-d-5/task_1.json,error_tools_limit,9,"Schema, file-path, and dataset recovery churn","Computed annual top-school lists, then targeted Manhattan Bridges High School/DBN 02M542 for the neighborhood step and failed to resolve a working location source.",Repeated schema checks and public-school-locations probes for neighborhood/location fields after DBN 02M542 was available.,Stopped while trying to inspect or list files for public-school-locations-2015-16-ed711 after earlier public-school-locations paths returned 404.,17-18; 20; 23-24; 27; 30-32,1-14; 16; 21; 25-26; 28-29,Tool budget was exhausted by repeated neighborhood/schema checks and missing-file public-school-locations probes before the agent reached the bridge-builder and emigration-province steps.,"Turn 16 | Executing: query_ideal({""dataset_id"": ""2006-2007-school-progress-report"", ""file_path"": ""files/rows.txt"", ""intent"": ""Find neighborhood column name existence for Manhattan Bridges High School by selecting possible location columns.""; Turn 16 | Tool result: {""dataset_id"": ""2006-2007-school-progress-report"", ""file_path"": ""files/rows.txt"", ""s3_uri"": ""s3://lakeqa-yc4103-datalake/datagov/2006-2007-school-progress-report/files/rows.txt"", ""columns"": [""DBN"", ""DISTRICT"", ""SCHOOL""], ""rows"": [[""02M542"", ""02"", ""MANHATTAN BRIDGES HIGH SCHOOL""]]; Turn 17 | Executing: query_ideal({""dataset_id"": ""2006-2007-school-progress-report"", ""file_path"": ""files/rows.txt"", ""intent"": ""Find columns containing neighborhood for 2006-2007 by checking distinct column names via selecting potential fields.""; Turn 18 | Executing: query_ideal({""dataset_id"": ""2006-2007-school-progress-report"", ""file_path"": ""files/rows.txt"", ""intent"": ""List column names by querying information_schema on the table t.""; Turn 21 | Executing: search_prefix({""prefixes"": [""school-neighborhood"", ""school location"", ""borough"", ""public-school-locations""]}); Turn 23 | Executing: query_ideal({""dataset_id"": ""2009-2010-school-progress-report"", ""file_path"": ""files/rows.txt"", ""intent"": ""Find columns that include neighborhood/location in 2009-2010 rows.txt.""; Turn 27 | Executing: peek_file({""dataset_id"": ""public-school-locations-2019-20-5b53b"", ""file_path"": ""files/rows.txt"", ""max_rows"": 5}); Turn 30 | Tool logical error (status=error): {""error"": ""HeadObject failed: An error occurred (404) when calling the HeadObject operation: Not Found""}; Turn 32 | Tool result: Tool call cancelled. Tool limit reached (30/30 calls used). You must stop using other tools and immediately call submit_answer with your best current answer and reasoning. Do not call any other tool before submit_answer. You MUST follow this guidance immediately.","Once DBN 02M542 was known, the run burned calls on neighborhood/schema checks and public-school-location file probes that repeatedly failed or yielded little.",valid,,34,repaired_pass,"Original attempt_summary overstates Manhattan Bridges High School as the recurring top school; the log supports that the agent targeted Manhattan Bridges/DBN 02M542, not that it was the correct recurring school.; Original estimated_wasted_turns is inconsistent with its wasted_turn_ranges: the listed ranges cover 10 turns, not 9.; Some originally marked wasted turns are conservatively better treated as new lookup attempts rather than repeated waste."
tasks_mini/k-4-d-2/task_10.json,error_tools_limit,6,"Schema, file-path, and dataset recovery churn","Planned a multi-hop lookup, found graduation and demographic candidate sets, then hit the tool limit while starting the 2013-14 enrollment filter and submitted [2010].","Repeated near-duplicate query_ideal calls with August/100% or fixed DBN filters that semantic judging rejected, then spent several turns inspecting 2011-2016 demographic files before the corrected rows query.",After Turn 26 it had narrowed candidates to three DBNs; Turn 27 enrollment filtering was cancelled by the 30/30 tool limit.,13; 19; 21-24,1-6; 10-12; 14-18; 20; 25-26,"Tool budget was consumed by repeated mismatched query_ideal attempts and low-yield file inspection before the remaining enrollment, namesake, and founding-year hops.","Turn 11 | Executing: query_ideal({""dataset_id"": ""2005-2015-graduation-rates-public-school"", ""file_path"": ""files/rows.txt"", ""intent"": ""Return NYC schools with 4 Year August graduation rate 100% for cohort 2009.""; Turn 13 | Executing: query_ideal({""dataset_id"": ""2005-2015-graduation-rates-public-school"", ""file_path"": ""files/rows.txt"", ""intent"": ""Get school names for DBNs with 2009 4 Year August cohort graduation rate 100%.""; Turn 19 | Executing: query_ideal({""dataset_id"": ""2011-2016-demographic-snapshot"", ""file_path"": ""files/data.txt"", ""intent"": ""Filter those DBNs by female % > 60 in year 2012 (2011-12 school year). Return dbn, school name.""; Turn 22 | Tool logical error (status=error): {""success"": false, ""error"": ""SQL repair failed: JSONDecodeError: Unterminated string starting at: line 1 column 9623 (char 9622)""}; Turn 24 | Executing: list_files({""dataset_ids"": [""2011-2016-demographic-snapshot""], ""limit"": 20}); Turn 26 | Tool result: {""dataset_id"": ""2011-2016-demographic-snapshot"", ""file_path"": ""files/rows.txt"", ""s3_uri"": ""s3://lakeqa-yc4103-datalake/datagov/2011-2016-demographic-snapshot/files/rows.txt"", ""columns"": [""dbn"", ""school""], ""rows"": [[""02M416"", ""Eleanor Roosevelt High School""], [""04M610"", ""Young Women's Leadership School""], [""25Q525"", ""Townsend Harris High School""]], ""row_count"": 3, ""truncated"": false}; Turn 27 | Tool result: Tool call cancelled. Tool limit reached (30/30 calls used). You must stop using other tools and immediately call submit_answer with your best current answer and reasoning. Do not call any other tool before submit_answer. You MUST follow this guidance immediately.","The budget drain involved mismatched query attempts and demographic file inspection before the corrected rows query, leaving the enrollment and namesake hops unfinished.",valid,,29,pass,"The log question matches the task JSON question about graduation rates, female percentage, enrollment, namesake birthplace city, and founding year.; Turn 11 and Turn 13 show rejected 2009 graduation-rate queries using 4 Year August or fixed DBN filtering.; Turn 19 and Turn 22 show failed 2011-2016 demographic snapshot queries before the later successful rows query.; Turns 21, 23, 24, and 25 inspect 2011-2016 demographic snapshot files.; Turn 26 returns three DBN/school rows for the female-percentage filter.; Turn 27 cancels the 2013-2018 enrollment filter because the tool limit is reached.; Turn 28 submits [2010]."
tasks_mini/k-4-d-2/task_4.json,error_tools_limit,6,"Schema, file-path, and dataset recovery churn","The run found District 9, earliest year 2023, sector George, and dispatch count 31517, but failed to get the Austin public school denominator.","After the dispatch count, it kept probing public-school dataset candidates and metadata/catalog files until the tool limit cancelled the last count attempt.",Stopped after identifying the dispatch numerator but before determining the number of Austin public schools.,16; 22-24; 27-28,1-2; 4-6; 9; 12-15; 17-21; 25-26,"The agent spent its remaining tools on a failed placeholder dispatch query and low-yield school dataset/file probes, then hit the tool cap before computing the denominator.","Turn 16 | Executing: query_ideal({""dataset_id"": ""apd-computer-aided-dispatch-incidents"", ""file_path"": ""files/22de-7rzg.publisher-view.json"", ""sql"": ""SELECT 1;"", ""intent"": ""placeholder""}); Turn 19 | Tool result: {""output"": ""31517"", ""success"": true, ""dataset_id"": ""apd-computer-aided-dispatch-incidents"", ""file_path"": ""files/rows.txt""; Turn 22 | Tool logical error (status=error): {""error"": ""HeadObject failed: An error occurred (404) when calling the HeadObject operation: Not Found""}; Turn 24 | Tool result: {""dataset_id"": ""school-locations-1819-83099"", ""file_path"": ""files/data.txt"", ""s3_uri"": ""s3://lakeqa-yc4103-datalake/datagov/school-locations-1819-83099/files/data.txt""; Turn 27 | Tool result: {""dataset_id"": ""public-school-locations-2019-20-5b53b"", ""file_path"": ""files/data.txt"", ""s3_uri"": ""s3://lakeqa-yc4103-datalake/datagov/public-school-locations-2019-20-5b53b/files/data.txt""; Turn 28 | Tool result: Tool call cancelled. Tool limit reached (30/30 calls used). You must stop using other tools and immediately call submit_answer with your best current answer and reasoning.","After finding the dispatch numerator, the run probed school dataset candidates and files until the denominator query was cancelled.",valid,,30,pass,"The log shows the task question asks for a ratio using Austin public schools.; Turn 9 shows Zohaib ""Zo"" Qadri with district 9 in the council voting record context.; Turn 15 returns George as the sector result.; Turn 19 returns output 31517 for dispatch incidents.; Turns 20-28 show public-school dataset searches/probes before tool limit cancellation.; Turn 28 shows Tool limit reached and Turn 29 submits [9,?]."
tasks_mini/k-4-d-3/task_10.json,error_tools_limit,6,"Schema, file-path, and dataset recovery churn","Found several NY datasets, made an Erie vs Nassau violent-count comparison, then hit the tool limit while trying to look up the Erie County county-seat source.",Repeated repair and lookup recovery around wrong file paths and ambiguous Wikipedia-style dataset identifiers.,Stopped at the Erie County Wikipedia-style lookup after already finding Erie had the higher 2021 violent count than Nassau.,18-19; 23-25; 28,1-7; 14-17; 20-22; 26-27; 29,Late turns were spent recovering from the wrong crime file and ambiguous Wikipedia dataset ids; the final county-seat grep was cancelled by the 30/30 tool limit.,"Turn 18 | Executing: query_ideal({""dataset_id"": ""index-violent-property-and-firearm-rates-by-county-beginning-1990"", ""file_path"": ""files/34dd-6g2j.txt""; Turn 18 | Tool logical error (status=error): {""error"": ""Query failed: Binder Error: Referenced column \""Year\"" not found in FROM clause!; Turn 20 | Executing: list_files({""dataset_ids"": [""index-violent-property-and-firearm-rates-by-county-beginning-1990""], ""limit"": 20}); Turn 22 | Tool result: {""dataset_id"": ""index-violent-property-and-firearm-rates-by-county-beginning-1990"", ""file_path"": ""files/rows.txt"", ""s3_uri"": ""s3://lakeqa-yc4103-datalake/datagov/index-violent-property-and-firearm-rates-by-county-beginning-1990/files/rows.txt"", ""columns"": [""county"", ""violent_2021""], ""rows"": [[""Erie"", 3493], [""Nassau"", 1915]]; Turn 23 | Executing: read_file({""dataset_id"": ""wikipedia"", ""file_path"": ""Buffalo,_New_York/content.txt"", ""max_lines"": 200}); Turn 23 | Tool logical error (status=error): {""error"": ""Dataset not found or ambiguous: wikipedia""}; Turn 24 | Executing: read_file({""dataset_id"": ""wikipedia"", ""file_path"": ""Erie_County,_New_York/content.txt"", ""max_lines"": 200}); Turn 24 | Tool logical error (status=error): {""error"": ""Dataset not found or ambiguous: wikipedia""}; Turn 25 | Executing: search_prefix({""prefixes"": [""Erie County, New York"", ""Buffalo, New York""]}); Turn 26 | Tool result: {""results"": [{""dataset_id"": ""Erie_County,_New_York""}; Turn 27 | Tool result: {""files"": [{""path"": ""content.txt"", ""size"": 21971, ""dataset_id"": ""Erie_County,_New_York""; Turn 28 | Executing: grep_file({""dataset_id"": ""wikipedia"", ""file_path"": ""Erie_County,_New_York/content.txt"", ""regex_pattern"": ""county seat""}); Turn 28 | Tool result: Tool call cancelled. Tool limit reached (30/30 calls used). You must stop using other tools and immediately call submit_answer with your best current answer and reasoning.",Waste clustered around recovering from wrong crime-file assumptions and ambiguous Wikipedia-style dataset identifiers before the final county-seat grep was cancelled.,valid,,30,repaired_pass,"Original wasted range counts Turn 20 as wasted, but Turn 20 found the correct crime dataset file list and led to the productive rows.txt query.; Original summary slightly overstates incorporation verification; the last attempted lookup was a county-seat grep, while incorporation was only asserted in the final submit answer.; Original productive ranges omit Turns 26-27, which repaired the Wikipedia-style dataset lookup enough to find Erie_County,_New_York/content.txt."
tasks_mini/k-3-d-3/task_2.json,error_tools_limit,5,"Schema, file-path, and dataset recovery churn","Found the neighborhood early and later computed the visitor/computer rankings, but submitted the branch name instead of the neighborhood.",Repeated schema/sample query_ideal calls triggered repair loops; an extra confirmation query hit the tool cap.,"After the 2021 computer-session top-3 result, the agent attempted another intersection confirmation and was stopped at 30/30 tools.",6-7; 14; 21; 29,1-5; 8-13; 15-20; 22-25; 27-28,Tool budget was spent on low-yield schema/sample repairs and a final redundant confirmation query before submitting.,"Turn 6 | Executing: query_ideal({""dataset_id"": ""libraries-2019-visitors-by-location"", ""file_path"": ""files/sw6v-npyj.txt"", ""intent"": ""Get schema (first row) for visitors dataset 2019 to identify columns for library name and visitor count.""; Turn 6 | Tool result: {""truncated"": true, ""truncation_note"": ""Result too large for context (36KB source file, ~1 rows estimated). Showing 0 of 1 rows within the 6000 char limit.; Turn 7 | Executing: query_ideal({""dataset_id"": ""libraries-2019-visitors-by-location"", ""file_path"": ""files/sw6v-npyj.txt"", ""intent"": ""Inspect JSON structure keys to find embedded data rows with visitors.""; Turn 14 | Tool logical error (status=error): {""error"": ""Query failed: Binder Error: Values list \""t\"" does not have a column named \""BRANCH\""; Turn 21 | query_ideal semantic judge found no equivalent record reason='Submitted intent requires top 5 branches by YTD visitors for each year 2019-2021; Turn 28 | Tool result: {""dataset_id"": ""libraries-2021-computer-sessions-by-location"", ""file_path"": ""files/rows.txt"", ""s3_uri"": ""s3://lakeqa-yc4103-datalake/datagov/libraries-2021-computer-sessions-by-location/files/rows.txt"", ""columns"": [""answer""], ""rows"": [[""Harold Washington Library Center""], [""Woodson Regional Library""], [""Sulzer Regional Library""]]; Turn 29 | Executing: query_ideal({""dataset_id"": ""libraries-2019-visitors-by-location"", ""file_path"": ""files/rows.txt"", ""intent"": ""Confirm whether Sulzer Regional Library, Edgewater, Lincoln Belmont are in top5 visitors for 2019-2021 and intersect with top3 computer slots for each year.""; Turn 29 | Tool result: Tool call cancelled. Tool limit reached (30/30 calls used). You must stop using other tools and immediately call submit_answer with your best current answer and reasoning.","The waste centered on schema/sample query repairs, a binder error, and a final redundant confirmation query after the useful library rankings had mostly been found.",valid,,31,pass,"Turn 2 found the Conrad Sulzer Regional Library source and log text says it is located in Lincoln Square.; Turns 6 and 7 used schema or JSON-structure query_ideal calls on the 2019 visitors dataset and triggered semantic/repair handling.; Turn 14 used a sample/schema-style query for the 2021 visitors dataset and ended in a BRANCH binder error after repair attempts.; Turn 21 queried only filtered 2019 rows for Sulzer Regional Library, Edgewater, and Lincoln Belmont, and the semantic judge said it did not compute top 5 rankings or cover 2019-2021.; Turn 28 returned the 2021 computer-session top 3 rows: Harold Washington Library Center, Woodson Regional Library, and Sulzer Regional Library.; Turn 29 attempted a confirmation query and the tool result says the tool limit reached 30/30.; Turn 30 submitted [Lincoln Belmont] while the reasoning text mentions the Conrad Sulzer neighborhood is Lincoln Square."
