path,impact,reason,question_changed,answer_changed,node_changes,top_level_changes,copy_question,tasks_mini_question
k-4-d-1/task_1.json,slight,metadata/reasoning-only changes,False,False,,"datasets_used, reasoning_chain, reasoning_hops","In 2019 data reported by the Los Angeles Police Department, find the geo area with the most violations of moving traffic arrests. Then, fin…","In 2019 data reported by the Los Angeles Police Department, find the geo area with the most violations of moving traffic arrests. Then, fin…"
k-4-d-1/task_5.json,slight,metadata/reasoning-only changes,False,False,,"datasets_used, reasoning_chain",Can you find the most common sector in 2023 for incidents recorded in the dispatch system reported by Austin Police for the council distric…,Can you find the most common sector in 2023 for incidents recorded in the dispatch system reported by Austin Police for the council distric…
k-3-d-2/task_10.json,moderate,"node executable fact/dependency changed, but question and final answer stayed the same",False,False,node.fact,"datasets_used, nodes, reasoning_chain, reasoning_hops, verdict","For the city where Orange County Public Schools is based, what is the number of public schools in its county in school year 2022-2023 minus…","For the city where Orange County Public Schools is based, what is the number of public schools in its county in school year 2022-2023 minus…"
k-3-d-2/task_11.json,moderate,"node executable fact/dependency changed, but question and final answer stayed the same",False,False,node.fact,"datasets_used, nodes, reasoning_chain, reasoning_hops",I'm interested in extreme weather records across Wyoming. What is the record high temperature ever recorded in the county seat of the Wyomi…,I'm interested in extreme weather records across Wyoming. What is the record high temperature ever recorded in the county seat of the Wyomi…
k-3-d-2/task_12.json,moderate,"node executable fact/dependency changed, but question and final answer stayed the same",False,False,node.fact,"datasets_used, nodes, reasoning_chain, reasoning_hops",I'm exploring quirky roadside attractions in Montana. What iconic statue is located in the county seat of a Montana county that had 210-225…,I'm exploring quirky roadside attractions in Montana. What iconic statue is located in the county seat of a Montana county that had 210-225…
k-3-d-2/task_2.json,moderate,"node executable fact/dependency changed, but question and final answer stayed the same",False,False,node.fact,"datasets_used, nodes, reasoning_chain, reasoning_hops","I'm considering living in Brightwood, Washington, D.C. Identify the ward Brightwood belongs to, find the most common offense in that ward i…","I'm considering living in Brightwood, Washington, D.C. Identify the ward Brightwood belongs to, find the most common offense in that ward i…"
k-3-d-2/task_4.json,moderate,"node executable fact/dependency changed, but question and final answer stayed the same",False,False,node.fact,"datasets_used, nodes, reasoning_chain, reasoning_hops","I want to investigate Adams Morgan in Washington, D.C. Identify the ward Adams Morgan belongs to, find the most common offense in that ward…","I want to investigate Adams Morgan in Washington, D.C. Identify the ward Adams Morgan belongs to, find the most common offense in that ward…"
k-3-d-2/task_5.json,moderate,"node executable fact/dependency changed, but question and final answer stayed the same",False,False,node.fact,"datasets_used, nodes, reasoning_chain, reasoning_hops, verdict","In school year 2022-2023, in the capital city of California, what is the number of public schools in its county minus the number of distric…","In school year 2022-2023, in the capital city of California, what is the number of public schools in its county minus the number of distric…"
k-3-d-2/task_6.json,moderate,"node executable fact/dependency changed, but question and final answer stayed the same",False,False,node.fact,"datasets_used, nodes, reasoning_chain, reasoning_hops, verdict","For Michigan's capital city, what is the number of school district administrative offices in its core-based statistical area in school year…","For Michigan's capital city, what is the number of school district administrative offices in its core-based statistical area in school year…"
k-3-d-2/task_7.json,moderate,"node executable fact/dependency changed, but question and final answer stayed the same",False,False,node.fact,"datasets_used, nodes, reasoning_chain, reasoning_hops, verdict","For the largest city in Illinois, what is the number of private schools in its county in school year 2021-2022 minus the number of postseco…","For the largest city in Illinois, what is the number of private schools in its county in school year 2021-2022 minus the number of postseco…"
k-3-d-2/task_8.json,moderate,"node executable fact/dependency changed, but question and final answer stayed the same",False,False,node.fact,"datasets_used, nodes, reasoning_chain, reasoning_hops, verdict","For the capital city of Massachusetts, what is the number of private schools in its county in school year 2021-2022 minus the number of sch…","For the capital city of Massachusetts, what is the number of private schools in its county in school year 2021-2022 minus the number of sch…"
k-3-d-2/task_9.json,moderate,"node executable fact/dependency changed, but question and final answer stayed the same",False,False,node.fact,"datasets_used, nodes, reasoning_chain, reasoning_hops, verdict","For the most populous city in Michigan, in school year 2022-2023, what is the number of public schools in its county minus the number of po…","For the most populous city in Michigan, in school year 2022-2023, what is the number of public schools in its county minus the number of po…"
k-3-d-4/task_10.json,moderate,"node executable fact/dependency changed, but question and final answer stayed the same",False,False,node.fact,"datasets_used, nodes, reasoning_chain, reasoning_hops","Find the New England state had between 200 and 400 veteran pension recipients in both 2020 and 2021, and between 150 and 300 in 2023. What …","Find the New England state had between 200 and 400 veteran pension recipients in both 2020 and 2021, and between 150 and 300 in 2023. What …"
k-3-d-4/task_4.json,moderate,"node executable fact/dependency changed, but question and final answer stayed the same",False,False,node.fact,"datasets_used, nodes, reasoning_chain, reasoning_hops, verdict","In the state with two-digit FIPS code 06, find the counties that rank in the top three for public schools, private schools, and school dist…","In the state with two-digit FIPS code 06, find the counties that rank in the top three for public schools, private schools, and school dist…"
k-3-d-4/task_6.json,moderate,"node executable fact/dependency changed, but question and final answer stayed the same",False,False,node.fact,"datasets_used, nodes, reasoning_chain, reasoning_hops, verdict","In the state with two-digit FIPS code 19, find the counties that rank in the top three for public schools, private schools, and school dist…","In the state with two-digit FIPS code 19, find the counties that rank in the top three for public schools, private schools, and school dist…"
k-4-d-2/task_10.json,moderate,"node executable fact/dependency changed, but question and final answer stayed the same",False,False,"node.depends_on, node.fact","datasets_used, nodes, practical_motivation, reasoning_chain, reasoning_hops",In what year was the city founded where the person was born after whom the NYC high school is named that had a 4-year graduation rate of 10…,In what year was the city founded where the person was born after whom the NYC high school is named that had a 4-year graduation rate of 10…
k-4-d-2/task_13.json,moderate,"node executable fact/dependency changed, but question and final answer stayed the same",False,False,node.fact,"datasets_used, nodes, reasoning_chain, reasoning_hops",I'm looking into crime trends in the D.C. ward that contains Columbia Heights. What is the most common offense committed there in 2017? Whi…,I'm looking into crime trends in the D.C. ward that contains Columbia Heights. What is the most common offense committed there in 2017? Whi…
k-4-d-2/task_7.json,moderate,"node executable fact/dependency changed, but question and final answer stayed the same",False,False,node.fact,"datasets_used, nodes, reasoning_chain, reasoning_hops",I'm researching crime trends in the D.C. ward that contains the North of Massachusetts Avenue neighborhood. What is the most common offense…,I'm researching crime trends in the D.C. ward that contains the North of Massachusetts Avenue neighborhood. What is the most common offense…
k-4-d-2/task_8.json,moderate,"node executable fact/dependency changed, but question and final answer stayed the same",False,False,node.fact,"datasets_used, nodes, reasoning_chain, reasoning_hops","Between 2010 and 2019, what year has the highest number of burglaries from vehicles in Los Angeles? In that year, determine which area had …","Between 2010 and 2019, what year has the highest number of burglaries from vehicles in Los Angeles? In that year, determine which area had …"
k-4-d-2/task_9.json,moderate,"node executable fact/dependency changed, but question and final answer stayed the same",False,False,node.fact,"datasets_used, nodes, reasoning_chain, reasoning_hops","Which year saw the highest number of stolen vehicle incidents in Los Angeles between 2010 to 2019? During that peak year, which area had th…","Which year saw the highest number of stolen vehicle incidents in Los Angeles between 2010 to 2019? During that peak year, which area had th…"
k-1-d-1/task_1.json,major,node answer/subquestion/source/count changed,False,False,"node.fact, node.subquestion","datasets_used, nodes, practical_motivation, reasoning_chain, reasoning_hops","For each year from 2016 through 2023, compute a growth-amplified overdose burden score as annual drug overdose deaths across all U.S. state…","For each year from 2016 through 2023, compute a growth-amplified overdose burden score as annual drug overdose deaths across all U.S. state…"
k-1-d-1/task_2.json,major,node answer/subquestion/source/count changed,False,False,"node.fact, node.subquestion","datasets_used, nodes, practical_motivation, reasoning_chain, reasoning_hops","For each year from 2005 through 2010, define Bonus Volatility-Adjusted Level (BVAL) as the draws' average New York Lotto bonus ball number …","For each year from 2005 through 2010, define Bonus Volatility-Adjusted Level (BVAL) as the draws' average New York Lotto bonus ball number …"
k-1-d-1/task_3.json,major,question and/or final answer changed,True,False,"node.fact, node.subquestion","datasets_used, nodes, practical_motivation, question, reasoning_chain, reasoning_hops",Define a yearly Passenger Instability-Adjusted Load (PIAL) as annual total CTA bus passengers across all routes multiplied by (1 + absolute…,Define a yearly Passenger Instability-Adjusted Load (PIAL) as: annual total CTA bus passengers across all routes (from summed monthly total…
k-2-d-3/task_1.json,major,node answer/subquestion/source/count changed,False,False,"node.answer, node.fact, node.source, node.subquestion","datasets_used, nodes, reasoning_chain, reasoning_hops",Can you tell me which has the greatest number of incidents in 2022 among (1) the highest number of incidents where an officer applies weapo…,Can you tell me which has the greatest number of incidents in 2022 among (1) the highest number of incidents where an officer applies weapo…
k-3-d-1/task_1.json,major,node answer/subquestion/source/count changed,False,False,"node.fact, node.subquestion","datasets_used, nodes, reasoning_chain, reasoning_hops","I am conducting a study on the northernmost boroughs of New York City. With respect to this borough, I want to compute the yearly shooting/…","I am conducting a study on the northernmost boroughs of New York City. With respect to this borough, I want to compute the yearly shooting/…"
k-3-d-2/task_1.json,major,question and/or final answer changed,True,False,"node.answer, node.fact, node.source, node.subquestion","datasets_used, nodes, question, reasoning_chain, reasoning_hops",I'm trying to estimate how many taser-use incidents per century Austin has using 2023 data. Find the Austin petrol sector (excluding Unknow…,I'm trying to estimate how many taser-use incidents per century Austin has using 2023 data. Find the Austin Police Department sector (exclu…
k-3-d-2/task_3.json,major,question and/or final answer changed,True,False,"node.answer, node.fact, node.subquestion","datasets_used, nodes, question, reasoning_chain, reasoning_hops",Can you find the NYC high school in district 10 that are in top 6 by high school's overall score from school year 2006-07 to school year 20…,Can you find the NYC high school in district 10 that are in top 6 by high school's overall score from school year 2006-07 to school year 20…
k-3-d-3/task_1.json,major,question and/or final answer changed,True,False,"node.fact, node.subquestion","datasets_used, nodes, question, reasoning_chain, reasoning_hops","For the NYC high school that ranked in the top 7 by overall score in all three school years: 2006-07 and 2009-11, find the neighborhood nam…","For the NYC high school that ranked in the top 7 based on the comprehensive ranking in 2006-07 and 2009-11, find the neighborhood named aft…"
k-3-d-3/task_2.json,major,question and/or final answer changed,True,False,"node.fact, node.subquestion","datasets_used, nodes, question, reasoning_chain, reasoning_hops, verdict","Among the Chicago library branches Sulzer Regional Library, Edgewater, and Lincoln Belmont, which branch ranked in the top five for visitor…","Among Sulzer Regional Library, Edgewater, and Lincoln Belmont, which branch stayed in the top 5 for total visitors and top 3 for total rese…"
k-3-d-3/task_3.json,major,node answer/subquestion/source/count changed,False,False,"node.depends_on, node.fact, node.subquestion","datasets_used, nodes, practical_motivation, reasoning_chain, reasoning_hops",Can you find me the NYC elementary school in District 2 that ranked in the top 3 by performance category score over each school year from 2…,Can you find me the NYC elementary school in District 2 that ranked in the top 3 by performance category score over each school year from 2…
k-3-d-3/task_4.json,major,node answer/subquestion/source/count changed,False,False,"node.fact, node.subquestion","datasets_used, nodes, reasoning_chain, reasoning_hops, verdict","Across 2019-2021, identify the Texas counties that consistently rank in the top five for capital outlay spending. From those, keep only the…","Across 2019-2021, identify the Texas counties that consistently rank in the top five for capital outlay spending. From those, keep only the…"
k-3-d-3/task_5.json,major,node answer/subquestion/source/count changed,False,False,"node.fact, node.subquestion","datasets_used, nodes, reasoning_chain, reasoning_hops, verdict","Consider Harris, Travis, Dallas, and Bexar counties. Determine which of these consistently ranked in the statewide top five for releases fr…","Consider Harris, Travis, Dallas, and Bexar counties. Determine which of these consistently ranked in the statewide top five for releases fr…"
k-3-d-3/task_6.json,major,node answer/subquestion/source/count changed,False,False,"node.answer, node.fact, node.subquestion","datasets_used, nodes, reasoning_chain, reasoning_hops, verdict","Across January 2019-2021, identify the issuing agencies that consistently ranked in the top 20 by total parking-violation fines. From those…","Across January 2019-2021, identify the issuing agencies that consistently ranked in the top 20 by total parking-violation fines. From those…"
k-3-d-4/task_1.json,major,question and/or final answer changed,True,False,"node.answer, node.fact, node.source, node.subquestion, node_ids/count","datasets_used, nodes, practical_motivation, question, reasoning_chain, reasoning_hops, verdict",I'm analyzing the DC Ward that had the lowest average crime count from 2018 to 2021. Find the neighborhoods in this ward that share the sam…,I'm analyzing the DC Ward that had the lowest average crime count from 2018 to 2021. Find the county in Maryland containing areas sharing a…
k-3-d-4/task_2.json,major,node answer/subquestion/source/count changed,False,False,"node.fact, node.subquestion","datasets_used, nodes, reasoning_chain, reasoning_hops, verdict","Among Texas counties in the top five for average capital outlay spending from 2018 to 2021, identify the two highest by average prison rele…","Among Texas counties in the top five for average capital outlay spending from 2018 to 2021, identify the two highest by average prison rele…"
k-3-d-4/task_3.json,major,node answer/subquestion/source/count changed,False,False,"node.answer, node.fact, node.subquestion","datasets_used, nodes, reasoning_chain, reasoning_hops, verdict",Which Washington county had the lowest 2020 census population among those counties that (1) had Low-Income student enrollment percentage be…,Which Washington county had the lowest 2020 census population among those counties that (1) had Low-Income student enrollment percentage be…
k-3-d-4/task_5.json,major,question and/or final answer changed,True,False,"node.answer, node.fact, node.source, node.subquestion, node_ids/count","datasets_used, nodes, question, reasoning_chain, reasoning_hops",Can you tell me which senior high school had a consistently top 3 number of violent/disruptive incident reported between 2010 and 2014? The…,Can you tell me which high school had a consistently top 3 number of violent/disruptive incident reported between 2010 and 2014? The boroug…
k-3-d-4/task_7.json,major,question and/or final answer changed,True,False,"node.answer, node.depends_on, node.fact, node.source, node.subquestion, node_ids/count","datasets_used, nodes, practical_motivation, question, reasoning_chain, reasoning_hops",Can you find the Manhattan neighborhood where the only NYC elementary school in District 3 that ranked in the top 3 by performance category…,Can you find the Manhattan neighborhood where the only NYC elementary school in District 3 that ranked in the top 3 by performance category…
k-3-d-4/task_8.json,major,node answer/subquestion/source/count changed,False,False,"node.answer, node.fact","datasets_used, nodes, reasoning_chain, reasoning_hops",In what year was the university founded where the civil rights leader after whom the only NYC elementary school that received an 'A' consis…,In what year was the university founded where the civil rights leader after whom the only NYC elementary school that received an 'A' consis…
k-3-d-4/task_9.json,major,node answer/subquestion/source/count changed,False,False,"node.answer, node.fact","datasets_used, nodes, practical_motivation, reasoning_chain, reasoning_hops",Can you tell me the year this city was incorporated? This city is the county seat of the county with the highest number of veterans receivi…,Can you tell me the year this city was incorporated? This city is the county seat of the county with the highest number of veterans receivi…
k-3-d-5/task_1.json,major,question and/or final answer changed,True,True,"node.answer, node.fact, node.source, node.subquestion, node_ids/count","answer, datasets_used, nodes, question, reasoning_chain, reasoning_hops",Find the NYC high schools that were in the top 8 by overall score every year from 2006-07 through 2010-11. Determine the neighborhoods thos…,Can you first find the neighborhood after which the only NYC high school that was in the top 8 by overall score every year from 2006-2010 i…
k-4-d-1/task_2.json,major,node answer/subquestion/source/count changed,False,False,node.subquestion,"datasets_used, nodes, reasoning_chain, reasoning_hops","In the year where the 34th annual Los Angeles Marathon was held, find the geo area where the Los Angeles Police Department has reported the…","In the year where the 34th annual Los Angeles Marathon was held, find the geo area where the Los Angeles Police Department has reported the…"
k-4-d-1/task_3.json,major,node answer/subquestion/source/count changed,False,False,node.subquestion,"datasets_used, nodes, reasoning_chain, reasoning_hops","I’m interested in the northernmost borough of New York City. Within that borough, identify the NYPD precinct with the most shooting cases i…","I’m interested in the northernmost borough of New York City. Within that borough, identify the NYPD precinct with the most shooting cases i…"
k-4-d-1/task_4.json,major,question and/or final answer changed,True,False,"node.answer, node.fact, node.source, node.subquestion, node_ids/count","datasets_used, nodes, question, reasoning_chain, reasoning_hops, verdict","Using the 2010 USGS survey of Assateague Island National Seashore, identify the NASA facility where the survey system was developed. Then f…","Can you first idenity the system that was used to survey Assateague Island National Seashore in the 2010 USGS survey. Then, find out which …"
k-4-d-1/task_6.json,major,question and/or final answer changed,True,False,"node.fact, node.subquestion","datasets_used, nodes, question, reasoning_chain, reasoning_hops, verdict","In Pittsburgh, identify the airport that most directly serves it for commercial passenger travel; in its March 2019 scheduled traffic repor…","In Pittsburgh, identify the largest airport; in its March 2019 scheduled traffic report, find the destination with the most seats and map i…"
k-4-d-2/task_1.json,major,node answer/subquestion/source/count changed,False,False,"node.fact, node.subquestion","datasets_used, nodes, reasoning_chain, reasoning_hops",I want to study the demographic in NYC. Can you find me the zip code of the NYC high school that was in the top 3 by overall progress score…,I want to study the demographic in NYC. Can you find me the zip code of the NYC high school that was in the top 3 by overall progress score…
k-4-d-2/task_11.json,major,question and/or final answer changed,True,False,"node.depends_on, node.fact, node.subquestion","datasets_used, nodes, practical_motivation, question, reasoning_chain, reasoning_hops","In 2015, which New York county named after a king had a population over 900,000, a firearm rate under 35 per 100,000, total state payments …","In 2015, which New York county named after a king had a population over 900,000, a firearm rate under 35 per 100,000, School Tax Relief (ST…"
k-4-d-2/task_12.json,major,question and/or final answer changed,True,False,"node.fact, node.subquestion","datasets_used, nodes, practical_motivation, question, reasoning_chain, reasoning_hops","Among New York counties with violent crime rates over 300 per 100,000 in 2020 and more than 100 youth sent to jail in 2015, find the county…","Among New York counties with violent crime rates over 300 per 100,000 in 2020 and more than 100 secure juvenile detention admissions in 201…"
k-4-d-2/task_14.json,major,question and/or final answer changed,True,False,"node.fact, node.subquestion","datasets_used, nodes, question, reasoning_chain, reasoning_hops, verdict",Start by finding the Chicago city department with a budget of $400 million to $700 million in 2018 and $600 million to $700 million in 2019…,Start by finding the Chicago city department with a budget of $400 million to $700 million in 2018 and $600 million to $700 million in 2019…
k-4-d-2/task_15.json,major,question and/or final answer changed,True,False,"node.answer, node.fact, node.subquestion","datasets_used, nodes, question, reasoning_chain, reasoning_hops, verdict","Consider the counties King, Clark, Pierce, Whitman, Thurston, and Spokane. Among these, identify the Eastern Washington county that borders…","Consider the counties King, Clark, Pierce, Whitman, Thurston, and Spokane. Among these, identify the Eastern Washington county that borders…"
k-4-d-2/task_2.json,major,question and/or final answer changed,True,False,node.fact,"datasets_used, nodes, question, reasoning_chain, reasoning_hops","I'm analyzing identity theft trends in Los Angeles. First, identify the year between 2010 and 2019 that had the highest number of identity …","I'm analyzing identity theft trends in Los Angeles. First, identify the year between 2010 and 2019 that had the highest number of identity …"
k-4-d-2/task_3.json,major,question and/or final answer changed,True,False,"node.answer, node.fact, node.subquestion","datasets_used, nodes, question, reasoning_chain, reasoning_hops, verdict",Identify the first civilian superintendent of the Chicago Police Department. In the city where that person previously served as police chie…,Identify the first civilian superintendent of the Chicago Police Department. In the city where that person previously served as police chie…
k-4-d-2/task_4.json,major,question and/or final answer changed,True,False,"node.answer, node.fact, node.subquestion","datasets_used, nodes, question, reasoning_chain, reasoning_hops",I'm analyzing data for the Austin City Council district represented by Zohaib Qadri. Starting from the year when the Austin City Council vo…,I’m analyzing data for the Austin City Council district represented by Zohaib 'Zo' Qadri. Starting from the year of the earliest recorded c…
k-4-d-2/task_5.json,major,question and/or final answer changed,True,False,"node.fact, node.subquestion","datasets_used, nodes, question, reasoning_chain, reasoning_hops",I am analyzing the LAPD division that covers Echo Park and Silver Lake. After identifying the most common arrest charge in that area named …,I am analyzing the LAPD division that covers Echo Park and Silver Lake. After identifying the most common arrest charge group in that area …
k-4-d-2/task_6.json,major,question and/or final answer changed,True,False,"node.fact, node.subquestion","datasets_used, nodes, question, reasoning_chain, reasoning_hops","I'm analyzing simple battery assault trends in Los Angeles. First, identify the year between 2010 and 2019 that saw the highest number of t…","I'm analyzing simple battery assault trends in Los Angeles. First, identify the year between 2010 and 2019 that saw the highest number of t…"
k-4-d-3/task_1.json,major,question and/or final answer changed,True,False,"node.answer, node.depends_on, node.fact, node.limit, node.subquestion","datasets_used, nodes, practical_motivation, question, reasoning_chain, reasoning_hops",Can you find me the NYC elementary school in District 15 that ranked 2nd by average performance category score over school years 2010-13. F…,Can you find me the NYC elementary school in District 15 that ranked in the top 2 by performance category score over each school year from …
k-4-d-3/task_10.json,major,question and/or final answer changed,True,False,"node.answer, node.fact, node.limit, node.subquestion","datasets_used, nodes, practical_motivation, question, reasoning_chain, reasoning_hops, verdict","Find the New York counties outside of NYC having (1) over 90 youth sent to jail in 2015, (2) a total jail census under 750 in 2021, and (3)…","Only two New York counties outside of NYC had over 90 youth detention admissions in 2015, a jail census under 750 in 2021, and over 65,500 …"
k-4-d-3/task_11.json,major,question and/or final answer changed,True,False,"node.answer, node.fact, node.limit, node.subquestion","datasets_used, nodes, practical_motivation, question, reasoning_chain, reasoning_hops, verdict","Find the Iowa counties that met the following criteria in 2019: a December unemployment rate above 2.9%, more than 12% of their motor-fuel …","Find the Iowa counties met the following criteria in 2019: unemployment above 2.9%, biofuel distribution above 12%, and personal income abo…"
k-4-d-3/task_12.json,major,node answer/subquestion/source/count changed,False,False,"node.answer, node.fact, node.subquestion","datasets_used, nodes, reasoning_chain, reasoning_hops, verdict","Among the Missouri Department of Corrections, the Missouri Department of Social Services, and the Missouri Department of Transportation, wh…","Among the Missouri Department of Corrections, the Missouri Department of Social Services, and the Missouri Department of Transportation, wh…"
k-4-d-3/task_2.json,major,node answer/subquestion/source/count changed,False,False,"node.answer, node.fact, node.subquestion","datasets_used, nodes, reasoning_chain, reasoning_hops","What is the name of an elementary school in New York whose location includes Clinton Hill and neighborhoods adjacent to it, has a special e…","What is the name of an elementary school in New York whose location includes Clinton Hill and neighborhoods adjacent to it, has a special e…"
k-4-d-3/task_3.json,major,question and/or final answer changed,True,False,"node.fact, node.subquestion","datasets_used, nodes, question, reasoning_chain, reasoning_hops, verdict",In which Virginia county is the NASA facility where the equipment used to collect the bare earth elevation data for the 2007 USGS survey of…,In which Virginia county is the NASA facility of a system developed? This system was used in the 2007 USGS topographic survey of the nation…
k-4-d-3/task_4.json,major,question and/or final answer changed,True,False,"node.answer, node.fact, node.limit, node.subquestion","datasets_used, nodes, question, reasoning_chain, reasoning_hops, verdict","Across January 2019-2021, identify the agencies that consistently issued the largest total amount of parking fines. From those, keep only t…","Across January 2019-2021, identify the issuing agencies that consistently ranked in the top 20 by total parking-violation fines. From those…"
k-4-d-3/task_5.json,major,question and/or final answer changed,True,False,"node.answer, node.fact, node.subquestion","datasets_used, nodes, question, reasoning_chain, reasoning_hops, verdict","Among the United States Park Police, United States Capitol Police, and U.S. Secret Service Uniform Division, which agency issued the highes…","Among the United States Park Police, United States Capitol Police, and U.S. Secret Service Uniform Division, which had the highest average …"
k-4-d-3/task_6.json,major,question and/or final answer changed,True,False,node.subquestion,"datasets_used, nodes, question, reasoning_chain, reasoning_hops, verdict",Identify the Chicago city department that consistently ranked in the top five by total funding in the officially approved city budget from …,Identify the Chicago city department that consistently ranked in the top five for ordinance appropriations (with non-zero budget) and also …
k-4-d-3/task_7.json,major,question and/or final answer changed,True,False,"node.answer, node.fact, node.source, node.subquestion","datasets_used, nodes, question, reasoning_chain, reasoning_hops, verdict","Among Washington, DC wards 2 and 5, identify which ward had more scheduled street-cleaning events from 2022 to 2024. In that ward, find the…","Among Washington, DC wards 2 and 5, identify which ward had the more frequent street sweeping schedule from 2022 to 2024. In that ward, fin…"
k-4-d-3/task_8.json,major,question and/or final answer changed,True,False,"node.answer, node.fact, node.subquestion","datasets_used, nodes, question, reasoning_chain, reasoning_hops, verdict",Can you find out the Manhattan neighborhoods containing the top 7 high schools from 2007-2010 by a comprehensive evaluation of the school. …,"Can you find out the Manhattan neighborhood containing a top 7 high school from 2007-2010 by overall score. Then, find out which NYC struct…"
k-4-d-3/task_9.json,major,question and/or final answer changed,True,False,"node.answer, node.fact, node.subquestion","datasets_used, nodes, practical_motivation, question, reasoning_chain, reasoning_hops, verdict","I am analyzing a specific New York State county that had between 29,000 and 75,000 households enrolled in the federal program that provides…","I am analyzing a specific New York State county which supports a significant population, reporting between 29,000 and 75,000 households on …"
k-4-d-4/task_1.json,major,question and/or final answer changed,True,False,"node.answer, node.fact, node.source, node.subquestion, node_ids/count","datasets_used, nodes, question, reasoning_chain, reasoning_hops, verdict",Can you find the NYC elementary schools that appear in the top 5 by the schools' learning environment in at least three years from 2006-201…,Can you find the NYC elementary school that appears in the top 5 by environment category rating in at least three years from 2006-2010 and …
k-4-d-4/task_10.json,major,question and/or final answer changed,True,False,"node.answer, node.fact, node.subquestion","datasets_used, nodes, question, reasoning_chain, reasoning_hops, verdict","Using school district office records for Iowa City in Johnson County, determine the two-digit state FIPS code. In that state, find the coun…","Using the school district office listings for CITY='Iowa City' and NMCNTY='Johnson County', determine the two-digit state FIPS code. In tha…"
k-4-d-4/task_11.json,major,question and/or final answer changed,True,False,"node.answer, node.fact, node.subquestion","datasets_used, nodes, question, reasoning_chain, reasoning_hops, verdict","Using school district office records for Princeton in Mercer County, determine the two-digit state FIPS code. In that state, find the count…","Using the school district office listings for CITY='Princeton' and NMCNTY='Mercer County', determine the two-digit state FIPS code. In that…"
k-4-d-4/task_12.json,major,node answer/subquestion/source/count changed,False,False,"node.answer, node.fact, node.source, node.subquestion, node_ids/count","datasets_used, nodes, reasoning_chain, reasoning_hops, verdict",Identify Texas counties with highway construction expenditures between $150 million and $500 million consistently across fiscal years 2018 …,Identify Texas counties with highway construction expenditures between $150 million and $500 million consistently across fiscal years 2018 …
k-4-d-4/task_13.json,major,question and/or final answer changed,True,False,node.subquestion,"datasets_used, nodes, question, reasoning_chain, reasoning_hops, verdict","Among Providence hospital properties, only one met the following criteria: it had an assessed value consistently between $6.9 million and $…","Among Providence hospital properties, only one met the following criteria: it had an assessed value consistently between $6.9 million and $…"
k-4-d-4/task_14.json,major,file only exists in tasks_mini copy,,,,,"Across years 2015-16 to 2018-19, which Texas county is consistently in the top five for total lunch serves in Seamless Summer Option progra…",
k-4-d-4/task_2.json,major,question and/or final answer changed,True,False,"node.answer, node.fact, node.limit, node.subquestion","datasets_used, nodes, question, reasoning_chain, reasoning_hops, verdict","In Chicago elementary schools that are public school, find which school (1) received the top performance rating in 2011-12, (2) showed abov…","In Chicago elementary schools that are public school, find which school (1) received the top performance rating in 2011-12, (2) showed abov…"
k-4-d-4/task_3.json,major,node answer/subquestion/source/count changed,False,False,"node.answer, node.fact, node.limit, node.source, node.subquestion, node_ids/count","datasets_used, nodes, reasoning_chain, reasoning_hops, verdict",Which New York City middle schools located in Queens District 26 had (1) at least 50 offers to specialized high schools on specialized high…,Which New York City middle schools located in Queens District 26 had (1) at least 50 offers to specialized high schools on specialized high…
k-4-d-4/task_4.json,major,question and/or final answer changed,True,False,"node.limit, node.subquestion","datasets_used, nodes, question, reasoning_chain, reasoning_hops, verdict","Can you first find the terminus cities of Route 66. Among those cities, which one had higher binge drinking prevalence in both 2016 and 201…","Can you first find the terminus cities of Route 66, among the citites, which one had higher binge drinking prevalence in both 2016 and 2018…"
k-4-d-4/task_5.json,major,question and/or final answer changed,True,False,"node.answer, node.fact, node.limit, node.subquestion","datasets_used, nodes, question, reasoning_chain, reasoning_hops, verdict","Find the Missouri state agency that ranked third in average spending from 2007 to 2010. In which city is its Southwest district based, and …","Find the Missouri state agency that ranked third in average spending from 2007-10, for that agency, which city is its Southwest district ba…"
k-4-d-4/task_6.json,major,node answer/subquestion/source/count changed,False,False,"node.answer, node.fact, node.limit, node.subquestion","datasets_used, nodes, reasoning_chain, reasoning_hops, verdict","Among Texas counties in the top five for average capital outlay spending from 2018 to 2021, consider those that are not among the original …","Among Texas counties in the top five for average capital outlay spending from 2018 to 2021, consider those that are not among the original …"
k-4-d-4/task_7.json,major,node answer/subquestion/source/count changed,False,False,"node.answer, node.fact, node.subquestion","datasets_used, nodes, reasoning_chain, reasoning_hops, verdict",Identify the first head of Chicago's department with the highest average overtime between 2018 and 2021. In the city where that person prev…,Identify the first head of Chicago's department with the highest average overtime between 2018 and 2021. In the city where that person prev…
k-4-d-4/task_8.json,major,question and/or final answer changed,True,False,"node.answer, node.fact, node.source, node.subquestion","datasets_used, nodes, question, reasoning_chain, reasoning_hops, verdict","Consider the engineering firm founded after 1914 that has no current NY State construction manager projects, yet consistently ranked in the…","Consider the only engineering firm founded after 1914 that has no current NY State construction manager projects, yet consistently ranked i…"
k-4-d-4/task_9.json,major,node answer/subquestion/source/count changed,False,False,"node.fact, node.subquestion","datasets_used, nodes, reasoning_chain, reasoning_hops, verdict",Identify the agricultural college that was ultimately located in the town that beat the county seat of the Washington county with the lowes…,Identify the agricultural college that was ultimately located in the town that beat the county seat of the Washington county with the lowes…
k-4-d-5/task_1.json,major,question and/or final answer changed,True,False,"node.answer, node.fact, node.limit, node.subquestion","datasets_used, nodes, practical_motivation, question, reasoning_chain, reasoning_hops, verdict",I'm researching upstate New York counties (excluding New York City and the Adirondack/Catskill preserves) that strike a balance between con…,I'm researching upstate New York counties (excluding New York City and the Adirondack/Catskill preserves) that strike a balance between con…
k-4-d-5/task_2.json,major,question and/or final answer changed,True,False,"node.answer, node.fact, node.limit, node.subquestion","datasets_used, nodes, practical_motivation, question, reasoning_chain, reasoning_hops, verdict","Among NYC municipal candidates who had total campaign spending between $103,000 and $251,000 in each of the five election cycles 2001, 2003…","Among NYC municipal candidates who filed campaign expenditures in all five election cycles (2001, 2003, 2005, 2009, 2013) with between $103…"
k-4-d-5/task_3.json,major,question and/or final answer changed,True,False,"node.answer, node.fact, node.limit, node.subquestion","datasets_used, nodes, practical_motivation, question, reasoning_chain, reasoning_hops","Among drugs with 5 to 10 million total annual Medicaid prescriptions across U.S. states, identify the one with the highest average prescrip…","Among drugs with 5 to 10 million total annual prescriptions in the US, identify the one with the highest average prescription count from 20…"
k-4-d-5/task_4.json,major,question and/or final answer changed,True,False,"node.answer, node.fact, node.limit, node.subquestion","datasets_used, nodes, practical_motivation, question, reasoning_chain, reasoning_hops, verdict",I am looking for Texas counties that consistently ranked in the top five for child care center sites participating in the federal meal-reim…,I am looking for a major Texas county that consistently ranked in the top five for childcare centers participating in food programs between…
k-4-d-5/task_5.json,major,question and/or final answer changed,True,False,"node.answer, node.fact, node.subquestion","datasets_used, nodes, practical_motivation, question, reasoning_chain, reasoning_hops, verdict",Identify the two Texas counties that are in the top 5 in the number of home-based day care sites participating in the federal meal-reimburs…,"Identify the two Texas counties that are in the top 5 in the number of home-based daycares from 2018-2022, while also have less than 14.5% …"
k-5-d-1/task_1.json,major,question and/or final answer changed,True,False,"node.fact, node.source, node.subquestion","datasets_used, nodes, question, reasoning_chain, reasoning_hops",I'm analyzing 2020 crime statistics for the LAPD division that serves neighborhoods including Echo Park and Silver Lake. What was the most …,I'm analyzing 2020 crime statistics for the LAPD's Rampart Division. What was the most frequent crime reported in that division during that…
k-5-d-1/task_2.json,major,question and/or final answer changed,True,False,"node.answer, node.fact, node.subquestion","datasets_used, nodes, question, reasoning_chain, reasoning_hops","I'm analyzing police activity in the capital of Texas. For 2023, I need to know which patrol sector had the highest volume of police dispat…","I'm analyzing police activity in Austin, Texas. For 2023, I need to know which patrol sector had the highest volume of computer-aided dispa…"
k-5-d-1/task_3.json,major,node answer/subquestion/source/count changed,False,False,"node.fact, node.subquestion","datasets_used, nodes, reasoning_chain, reasoning_hops","I'm tracking crime patterns in Washington, D.C. starting with the ward that contains Adams Morgan. After identifying the most common offens…","I'm tracking crime patterns in Washington, D.C. starting with the ward that contains Adams Morgan. After identifying the most common offens…"
k-5-d-1/task_4.json,major,question and/or final answer changed,True,False,"node.fact, node.subquestion","datasets_used, nodes, question, reasoning_chain, reasoning_hops","I'm analyzing crime patterns in the largest-area borough in NYC. First, identify the precinct that received the most complaints in 2022. Wi…","I'm analyzing crime patterns in Queens. First, identify the precinct that received the most complaints in 2022. Within that precinct, what …"
k-5-d-2/task_1.json,major,question and/or final answer changed,True,False,"node.fact, node.subquestion","datasets_used, nodes, practical_motivation, question, reasoning_chain, reasoning_hops",Find the Texas counties that appear in both of these groups: (1) counties with at least 10% of residents ages 18 to 64 living with disabili…,Find the Texas counties appear in both of these groups: (1) counties with at least 10% adult with disability population and at least 23% 65…
k-5-d-2/task_10.json,major,question and/or final answer changed,True,True,"node.answer, node.fact, node.limit, node.source, node.subquestion","answer, datasets_used, nodes, practical_motivation, question, reasoning_chain, reasoning_hops","Find the New York counties, excluding NYC boroughs, satisfying both criteria: (1) an average rate of being sent back to prison or jail betw…",Find the California cities satisfying both criteria: (1) teeth loss rate above 19% in 2016 reported by the centers for disease control and …
k-5-d-2/task_11.json,major,file only exists in tasks_mini,,,,,,Find the New York counties (excluding NYC boroughs) satisfying both criteria: (1) average ratio of being sent back to jail between 38% and …
k-5-d-2/task_2.json,major,node answer/subquestion/source/count changed,False,False,"node.answer, node.fact, node.subquestion","datasets_used, nodes, reasoning_chain, reasoning_hops, verdict",The NBA champion team based in San Antonio won its first NBA Finals against another team. Find the county that `another` team is based in. …,The NBA champion team based in San Antonio won its first NBA Finals against another team. Find the county that `another` team is based in. …
k-5-d-2/task_3.json,major,question and/or final answer changed,True,True,"node.answer, node.fact, node.source, node.subquestion, node_ids/count","answer, datasets_used, nodes, question, reasoning_chain, reasoning_hops, verdict","What US city had the highest average age-adjusted adult obesity rate in 2016 and 2018? Then, who founded a company sold to JP Morgan to cre…","Among Harris, Hidalgo, Dallas, and Cameron counties in Texas, which two saw the largest percentage decrease in day care home meal reimburse…"
k-5-d-2/task_4.json,major,question and/or final answer changed,True,True,"node.answer, node.fact, node.source, node.subquestion, node_ids/count","answer, datasets_used, nodes, question, reasoning_chain, reasoning_hops, verdict","Among Brooks, Willacy, Comal, Atascosa, and Victoria counties in Texas, keep those with at least one abuse/neglect-related child fatality a…","What US city had the highest average age-adjusted adult obesity rate in 2016 and 2018? Then, who founded a company sold to JP Morgan to cre…"
k-5-d-2/task_5.json,major,question and/or final answer changed,True,True,"node.answer, node.fact, node.source, node.subquestion, node_ids/count","answer, datasets_used, nodes, question, reasoning_chain, reasoning_hops, verdict","Among DC wards 7 and 8, identify which ward had the higher average 311 service requests from 2019 through 2020. Who represents that ward on…","Among Brooks, Willacy, Comal, Atascosa, and Victoria counties in Texas, keep those with at least one abuse/neglect-related child fatality a…"
k-5-d-2/task_6.json,major,question and/or final answer changed,True,True,"node.answer, node.fact, node.source, node.subquestion, node_ids/count","answer, datasets_used, nodes, question, reasoning_chain, reasoning_hops, verdict","Gary, Indiana was founded by a corporation created by J. P. Morgan when he merged Federal Steel and National Steel with another company. Wh…","Among DC wards 7 and 8, identify which ward had the higher average 311 service requests from 2019 through 2020. Who represents that ward on…"
k-5-d-2/task_7.json,major,question and/or final answer changed,True,True,"node.answer, node.fact, node.source, node.subquestion, node_ids/count","answer, datasets_used, nodes, question, reasoning_chain, reasoning_hops, verdict","Find the Connecticut counties that satisfy both criteria: (1) more than 200 accidental overdose deaths in 2020, and (2) assignment to a COV…","Gary, Indiana was founded by a corporation created by J. P. Morgan when he merged Federal Steel and National Steel with another company. Wh…"
k-5-d-2/task_8.json,major,question and/or final answer changed,True,True,"node.answer, node.fact, node.limit, node.source, node.subquestion, node_ids/count","answer, datasets_used, nodes, practical_motivation, question, reasoning_chain, reasoning_hops","Find the New York counties, excluding NYC boroughs, with average total Medicaid-paid amounts for adult mental health claims between $75 mil…","Two Connecticut counties satisfy both criteria: (1) over 200 accidental drug deaths in 2020, and (2) a COVID-19 health service area number …"
k-5-d-2/task_9.json,major,question and/or final answer changed,True,True,"node.answer, node.fact, node.source, node.subquestion, node_ids/count","answer, datasets_used, nodes, practical_motivation, question, reasoning_chain, reasoning_hops","Find the California cities satisfying both criteria: (1) older adults with major tooth loss above 19% in 2016, and (2) adults with frequent…",Find the New York counties (excluding NYC boroughs) having average adult mental health Medicaid paid claims between $75 million and $95 mil…
k-5-d-3/task_1.json,major,question and/or final answer changed,True,False,"node.answer, node.fact, node.subquestion","datasets_used, nodes, question, reasoning_chain, reasoning_hops, verdict",I am looking for a specific high school in Manhattan's District 2 that consistently received 'A' grades for comprehensive performance from …,I'm looking for a specific high school in Manhattan's District 02 that consistently received 'A' grades from 2007 to 2010 and is named afte…
k-5-d-3/task_10.json,major,question and/or final answer changed,True,True,"node.fact, node.subquestion, node_ids/count","answer, datasets_used, nodes, question, reasoning_chain, reasoning_hops, verdict","First, identify the Washington, DC ward that consistently ranked in the top four for building permits from 2022 to 2024 and had one of the …","First, identify the Washington, DC ward that consistently ranked in the top four for building permits from 2022 to 2024 and had one of the …"
k-5-d-3/task_11.json,major,question and/or final answer changed,True,False,"node.answer, node.fact, node.source, node.subquestion, node_ids/count","datasets_used, nodes, question, reasoning_chain, reasoning_hops, verdict","First, identify the Washington, DC ward that consistently ranked in the top four for building permits from 2022 to 2024 and had one of the …","Among Washington, DC wards 2, 4, 5, and 6, identify the two wards with the highest average crime-incident counts from 2022 to 2024. Among t…"
k-5-d-3/task_12.json,major,question and/or final answer changed,True,False,"node.answer, node.fact, node.limit, node.source, node.subquestion","datasets_used, nodes, question, reasoning_chain, reasoning_hops, verdict","Among Washington state's public four-year universities, which two had the highest average contract counts in between 2014-2016? Find the co…",Can you find the counties where the top 3 community colleges by average contract count from FY 2014 to FY 2016 are located in. In those cou…
k-5-d-3/task_13.json,major,question and/or final answer changed,True,False,"node.answer, node.fact, node.limit, node.subquestion","datasets_used, nodes, question, reasoning_chain, reasoning_hops, verdict","Find the state where Khan Lab School is located in. In that state, find the counties that rank in the top three for public schools, private…","Khan Lab School is located in a city and county. Using school district office listings for that city and county, determine the two-digit st…"
k-5-d-3/task_14.json,major,question and/or final answer changed,True,False,"node.answer, node.fact, node.subquestion","datasets_used, nodes, question, reasoning_chain, reasoning_hops, verdict","ACT, Inc. was founded in a city in Iowa. Determine the county for that city and the corresponding state. In that state, find the counties t…","ACT, Inc. was founded in a city in Iowa. Determine the county for that city and the two-digit state FIPS code from school district office l…"
k-5-d-3/task_15.json,major,question and/or final answer changed,True,False,"node.answer, node.fact, node.limit, node.subquestion","datasets_used, nodes, question, reasoning_chain, reasoning_hops, verdict",I am looking for a Missouri state agency that consistently ranked in the top 5 for average employee salary between 2018 and 2020. This agen…,I am looking for a Missouri state agency that consistently ranked in the top 5 for average employee pay between 2018 and 2020. This agency'…
k-5-d-3/task_2.json,major,question and/or final answer changed,True,False,"node.answer, node.fact, node.limit, node.subquestion","datasets_used, nodes, question, reasoning_chain, reasoning_hops, verdict","From the top three Texas counties by average state-government spending from 2018 to 2020, identify the county with the oldest incorporated …","From the top three Texas counties by average state expenditure from 2018 to 2020, identify the county with the oldest incorporated county s…"
k-5-d-3/task_3.json,major,question and/or final answer changed,True,False,"node.answer, node.fact, node.limit, node.source, node.subquestion, node_ids/count","datasets_used, nodes, question, reasoning_chain, reasoning_hops, verdict","From the counties that were in the statewide top 5 for releases from the Texas state prison system in 2019, 2020, and 2021, find the county…","From the top three Texas counties based on average Texas department of criminal justice releases across 2019 to 2021, find the county that …"
k-5-d-3/task_4.json,major,question and/or final answer changed,True,False,"node.fact, node.subquestion","datasets_used, nodes, question, reasoning_chain, reasoning_hops, verdict","Among the two most populous Texas counties in 2024, which had the larger increase in the number of veterans receiving disability compensati…","Among the two most populous Texas counties in 2024, which of those had a larger increase in veterans disability compensation recipients fro…"
k-5-d-3/task_5.json,major,node answer/subquestion/source/count changed,False,False,"node.answer, node.fact, node.subquestion","datasets_used, nodes, reasoning_chain, reasoning_hops, verdict","Among the Missouri Department of Corrections, the Missouri Department of Social Services, and the Missouri Department of Transportation, wh…","Among the Missouri Department of Corrections, the Missouri Department of Social Services, and the Missouri Department of Transportation, wh…"
k-5-d-3/task_6.json,major,node answer/subquestion/source/count changed,False,False,"node.fact, node.subquestion","datasets_used, nodes, reasoning_chain, reasoning_hops, verdict","Consider Harris, Travis, Dallas, and Bexar counties. Determine which of these consistently ranked in the statewide top five for offender re…","Consider Harris, Travis, Dallas, and Bexar counties. Determine which of these consistently ranked in the statewide top five for offender re…"
k-5-d-3/task_7.json,major,question and/or final answer changed,True,False,"node.answer, node.fact, node.subquestion","datasets_used, nodes, question, reasoning_chain, reasoning_hops, verdict","Among the United States Park Police, United States Capitol Police, and U.S. Secret Service Uniform Division, which had the highest average …","Among the United States Park Police, United States Capitol Police, and U.S. Secret Service Uniform Division, which had the highest average …"
k-5-d-3/task_8.json,major,question and/or final answer changed,True,False,"node.fact, node.limit, node.subquestion","datasets_used, nodes, question, reasoning_chain, reasoning_hops, verdict",Identify the Chicago city department that consistently ranked in the top five by total funding in the officially approved city budget from …,Identify the Chicago city department that consistently ranked in the top five for ordinance appropriations (with non-zero budget) and also …
k-5-d-3/task_9.json,major,question and/or final answer changed,True,False,"node.answer, node.fact, node.limit, node.subquestion","datasets_used, nodes, question, reasoning_chain, reasoning_hops, verdict","Identify the Chicago library branch that ranked in the top five for total number of items checked out over the year and total visitors, and…","Identify the Chicago library branch that ranked in the top five for circulation and visitors, and top three for computer sessions, every ye…"
k-5-d-4/task_1.json,major,node answer/subquestion/source/count changed,False,False,"node.answer, node.fact, node.subquestion","datasets_used, nodes, reasoning_chain, reasoning_hops, verdict","Among NY counties with at least 65 bridges rated 'Poor' according to the department of transportation, contains at least 50 fire department…","Among NY counties with at least 65 bridges rated 'Poor' according to the department of transportation, contains at least 50 fire department…"
k-5-d-4/task_2.json,major,node answer/subquestion/source/count changed,False,False,"node.answer, node.fact, node.subquestion","datasets_used, nodes, reasoning_chain, reasoning_hops, verdict",A Missouri state agency ranked third by average expenditures from FY2007 to FY2010.Find the city the Southwest district of the agency is ba…,A Missouri state agency ranked third by average expenditures from FY2007 to FY2010.Find the city the Southwest district of the agency is ba…
k-5-d-4/task_3.json,major,node answer/subquestion/source/count changed,False,False,"node.answer, node.fact, node.limit, node.subquestion","datasets_used, nodes, reasoning_chain, reasoning_hops, verdict",Find the city the Southwest district of the Missouri Department of Transportation is based in and a highway that was born in the city. Betw…,Find the city the Southwest district of the Missouri Department of Transportation is based in and a highway that was born in the city. Betw…
k-5-d-4/task_4.json,major,question and/or final answer changed,True,False,"node.answer, node.fact, node.limit, node.subquestion","datasets_used, nodes, question, reasoning_chain, reasoning_hops, verdict","Across years 2015-16 to 2018-19, which Texas county is consistently in the top five for total lunch serves in the Seamless Summer Option pr…","Across years 2015-16 t0 2018-19, which Texas county is consistently in the top five for total lunch serves in Seamless Summer Option progra…"
k-5-d-4/task_5.json,major,node answer/subquestion/source/count changed,False,False,"node.answer, node.fact, node.limit, node.subquestion","datasets_used, nodes, reasoning_chain, reasoning_hops, verdict","Across 2016-17 through 2019-20, start with Texas counties that averaged at least $50,000 in adult day care meal reimbursements and had the …","Across 2016-17 through 2019-20, start with Texas counties that averaged at least $50,000 in adult day care meal reimbursements and had the …"
k-5-d-4/task_6.json,major,node answer/subquestion/source/count changed,False,False,"node.answer, node.fact, node.subquestion","datasets_used, nodes, reasoning_chain, reasoning_hops, verdict",What percentage of the population in the county containing the city that borders both of the Texas cities with above 12% diabetes rates bet…,What percentage of the population in the county containing the city that borders both of the Texas cities with above 12% diabetes rates bet…
k-5-d-4/task_7.json,major,node answer/subquestion/source/count changed,False,False,"node.answer, node.fact, node.subquestion","datasets_used, nodes, reasoning_chain, reasoning_hops, verdict","Consider the Eastern Washington counties that border Idaho and had a 2020 population under 300,000. Among these, identify the one where sch…","Consider the Eastern Washington counties that border Idaho and had a 2020 population under 300,000. Among these, identify the one where sch…"
k-5-d-4/task_8.json,major,node answer/subquestion/source/count changed,False,False,"node.answer, node.fact, node.limit, node.subquestion","datasets_used, nodes, reasoning_chain, reasoning_hops, verdict",Can you tell me the Fall 2024 student enrollment at a UT System university? It's located in a county's county seat where the county (1) has…,Can you tell me the Fall 2024 student enrollment at a UT System university? It's located in a county's county seat where the county (1) has…
k-5-d-4/task_9.json,major,question and/or final answer changed,True,False,"node.fact, node.subquestion","datasets_used, nodes, question, reasoning_chain, reasoning_hops, verdict",Identify the Texas county that had the most consistent annual number of state prison releases from 2019 to 2022 (lowest coefficient of vari…,Identify the Texas county that had the most consistent annual number of state prison releases from 2019 to 2022 (lowest coefficient of vari…
k-6-d-2/task_1.json,major,question and/or final answer changed,True,False,"node.answer, node.fact, node.limit, node.subquestion","datasets_used, nodes, question, reasoning_chain, reasoning_hops","Find the NYC high school that received an overall A rating in 2010-11 and 2011-12, was also given an A for student graduation and diploma o…","Find the NYC high school that got an A on its progress report in 2010–11 and 2011–12, was also rated A for performance in 2010–11, and late…"
k-6-d-2/task_2.json,major,question and/or final answer changed,True,False,"node.answer, node.fact, node.limit, node.subquestion","datasets_used, nodes, question, reasoning_chain, reasoning_hops, verdict","Identify the DC Council member who represents the ward that, among the top two wards, recorded both the highest average violent crimes, and…","Identify the DC Council member who represents the ward that, among the top two wards, recorded both the highest average crimes involving ho…"
k-6-d-2/task_3.json,major,question and/or final answer changed,True,False,"node.answer, node.fact, node.subquestion","datasets_used, nodes, question, reasoning_chain, reasoning_hops, verdict","Among New York counties outside of NYC, identify the top two by total mental health service recipients from 2017 to 2018. The county seat w…","Among New York counties outside of NYC, identify the top two by total mental health service recipients from 2017 to 2018. The county seat w…"
k-6-d-2/task_4.json,major,question and/or final answer changed,True,False,"node.answer, node.fact, node.limit, node.subquestion","datasets_used, nodes, question, reasoning_chain, reasoning_hops, verdict","What US city had the highest average percentages of adults age 18 and older who were obese, after accounting for differences in age, in 201…","What US city had the highest average age-adjusted adult obesity rate in 2016 and 2018? Also, can you find me the person who founded a compa…"
k-6-d-2/task_5.json,major,question and/or final answer changed,True,True,"node.fact, node.subquestion, node_ids/count","answer, datasets_used, nodes, practical_motivation, question, reasoning_chain, reasoning_hops, verdict",Identify a specific California county based on a set of health and housing statistics. The county had an Area Median Income of at least $14…,Identify a specific California county seat based on a set of health and housing statistics. I'm looking for a county that had an Area Media…
k-6-d-3/task_1.json,major,node answer/subquestion/source/count changed,False,False,"node.fact, node.subquestion","datasets_used, nodes, reasoning_chain, reasoning_hops, verdict",After identifying the Missouri state agency that throughout 2021 to 2023 consistently ranked in the top five for professional services spen…,After identifying the Missouri state agency that throughout 2021 to 2023 consistently ranked in the top five for professional services spen…
k-6-d-3/task_2.json,major,node answer/subquestion/source/count changed,False,False,"node.answer, node.fact, node.subquestion","datasets_used, nodes, reasoning_chain, reasoning_hops, verdict","I am researching several U.S. agencies. First, identify the federal police agency that consistently ranked in the top 20 for January parkin…","I am researching several U.S. agencies. First, identify the federal police agency that consistently ranked in the top 20 for January parkin…"
k-6-d-3/task_3.json,major,node answer/subquestion/source/count changed,False,False,"node.answer, node.fact, node.limit, node.subquestion","datasets_used, nodes, reasoning_chain, reasoning_hops, verdict","Identify the Chicago library branch that ranked in the top five for circulation and visitors, and top three for computer sessions, every ye…","Identify the Chicago library branch that ranked in the top five for circulation and visitors, and top three for computer sessions, every ye…"
k-6-d-3/task_4.json,major,node answer/subquestion/source/count changed,False,False,"node.fact, node.subquestion","datasets_used, nodes, reasoning_chain, reasoning_hops, verdict","Jon Whitmore was the chief executive officer of an organization. Determine the city where that organization was founded, then the county it…","Jon Whitmore was the chief executive officer of an organization. Determine the city where that organization was founded, then the county it…"
k-6-d-3/task_5.json,major,node answer/subquestion/source/count changed,False,False,"node.answer, node.fact, node.subquestion","datasets_used, nodes, reasoning_chain, reasoning_hops, verdict","The GRE is owned and administered by an organization. Determine the city where that organization has a New Jersey address, then the county …","The GRE is owned and administered by an organization. Determine the city where that organization has a New Jersey address, then the county …"
k-7-d-4/task_1.json,major,question and/or final answer changed,True,False,"node.answer, node.fact, node.limit, node.subquestion","datasets_used, nodes, question, reasoning_chain, reasoning_hops, verdict","Among the five Texas counties with the highest average annual number of state prison releases from 2019 to 2022, identify the one with the …",Identify the Texas county that had the most consistent annual number of state prison releases from 2019 to 2022 based on coefficient of var…
