task_id,log_error_bucket,estimated_wasted_turns,turn_waste_global_group,turn_waste_global_subtype,turn_waste_summary,turn_repeated_behavior,turn_progress_stop_point,wasted_turn_ranges,productive_turn_ranges,turn_budget_failure_reason,turn_waste_evidence,turn_waste_global_group_reason,turn_waste_global_subtype_reason,turn_waste_validation_status,turn_waste_validation_notes,turn_waste_log_max_turn,turn_waste_model_validation_status,turn_waste_model_validation_notes,turn_waste_local_group,turn_waste_local_group_reason
tasks_mini/k-3-d-2/task_9.json,error_tools_limit,17,Located Data Extraction Thrash,Schema and broad aggregation thrash,"Identified Detroit and Wayne County, located the public-school and postsecondary 2022-23 datasets, but submitted [688] after the tool limit without completing the required Detroit/Wayne County counts.","Repeated near-duplicate public-school discovery searches, then repeated broad Michigan-by-county query attempts instead of querying the specific Detroit/Wayne County counts required by the task.","After locating public-school-locations-2022-23 and postsecondary-school-locations-2022-23, the run stalled on schema/query formulation and hit the tool limit while probing public-school files.",4-5; 7-8; 11-14; 19-23; 27-29; 31,1-3; 6; 9-10; 15-16; 18; 25-26; 30; 33,"The budget was consumed by repeated dataset discovery, failed schema/header probes, and broad aggregation attempts; the final answer was submitted only after the tool-limit warning.","Turn 15 | Executing: search_prefix({""prefixes"": [""public-school-locations"", ""public-school-locations-2022"", ""public-school-locations-2022-23"", ""public-school-locations-2021-22"", ""public-school""], ""limit"": 5}); Turn 23 | Tool logical error (status=error): {""error"": ""Stream search failed: An error occurred (NoSuchKey) when calling the GetObject operation: The specified key does not exist.""; Turn 29 | Tool logical error (status=error): {""success"": false, ""error"": ""SQL repair failed: JSONDecodeError: Unterminated string starting at: line 1 column 558 (char 557)""}; Turn 32 | Tool result: Tool call cancelled. Tool limit reached (30/30 calls used).","The public and postsecondary datasets were located, but the agent stalled on schema probes and broad aggregations instead of extracting Detroit/Wayne counts.","The repeated work mixed rediscovery, header probes, and broad county aggregation attempts.",valid,,34,repaired_pass,Validator repaired evidence snippets for exact-log grounding; narrative kept conservative around broad Michigan county queries.,Redundant discovery and reconfirmation after enough evidence,"After locating Detroit, Wayne County, and the relevant school datasets, the run repeated discovery and broad probing rather than completing the specific counts."
tasks_mini/k-2-d-3/task_1.json,error_tools_limit,13,Located Data Extraction Thrash,Oversized file fallback loop,"Computed the APD illegal-items sector/count as Edward/[3], but never computed the large CAD mental-health count or reliable NOPD/APD weapon maxima before tool limit.","Repeated low-yield grep/query attempts after query_ideal could not handle the large CAD file, plus duplicate APD-searches work and malformed/placeholder repair attempts.",Last clear progress was identifying Edward and discovering query_ideal could not execute against the 1377 MB CAD file.,16-17; 20-23; 26-32,1-15; 18-19; 24-25,The run spent many turns on repeated regex/query fallbacks and duplicate partial computations instead of switching to a streaming computation for the oversized CAD file.,"Turn 15 | ""error"": ""Cannot execute SQL: file is too big (1377 MB >= 500 MB limit).""; Turn 16 | Executing: grep_file({""dataset_id"": ""apd-computer-aided-dispatch-incidents"", ""file_path"": ""files/rows.txt"", ""regex_pattern"": ""2022,.*,Mental Health Incident,.*,.*,.*,Edward"", ""context_lines"": 1}); Turn 17 | Executing: grep_file({""dataset_id"": ""apd-computer-aided-dispatch-incidents"", ""file_path"": ""files/rows.txt"", ""regex_pattern"": ""2022,.*,Mental Health Incident,.*Edward"", ""context_lines"": 0}); Turn 22 | Executing: query_ideal({""dataset_id"": ""apd-use-of-force"", ""file_path"": ""files/rows.txt"", ""sql"": ""SELECT COUNT(*) FROM t WHERE \""Occurred Date\"" LIKE '2022%' LIMIT 1;"", ""intent"": ""test date filtering 2022 in APD R2R file""}); Turn 26 | Executing: read_file({""dataset_id"": ""apd-searches-by-type"", ""file_path"": ""files/rows.txt"", ""start_line"": 0, ""max_lines"": 200}); Turn 31 | ""reason"": ""Submitted code is placeholder/irrelevant (breaks immediately after a JSON loads subprocess call) and does not compute any of the authored intents.""; Turn 32 | Tool result: Tool call cancelled. Tool limit reached (30/30 calls used). You must stop using other tools and immediately call submit_answer with your best current answer and reasoning. Do not call any other tool before submit_answer. You MUST follow this guidance immediately.; Turn 33 | Executing: submit_answer({""answer"": ""[3]"", ""reasoning"": ""I computed APD searches by sector where TCOLE Search Based On = 'Illegal Items' in 2022 and found sector 'Edward' had 3 searches (query on apd-searches-by-type). I could not fully compute the NOPD/division or APD council-district weapon counts before the tool limit was reached, so the only verified count available is 3.""})","The needed data path was identified, but the tail was spent on brittle oversized-file query, regex, and repair fallbacks.",The repeated failures centered on querying or grepping a very large CAD file.,valid,,34,pass,"Validator pass: APD count, oversized CAD failure, placeholder repair, and 30/30 tool limit are grounded in the raw log.",Tool-friction repair loop on oversized or brittle data,The distinctive failure was repeated workarounds for a large CAD file/tool limitation with duplicate searches and malformed repairs.
tasks_mini/k-4-d-4/task_10.json,error_tools_limit,11,Located Data Extraction Thrash,Parser and aggregation thrash,"Found Iowa STFIP 19 and some relevant school-location datasets, but failed to complete the required Iowa county rankings and final county total before the tool limit.","Repeatedly tried incompatible or low-yield file operations on JSON/text/XML sources and ran broad, unfiltered county aggregations instead of completing the needed STFIP 19 grouped counts.",Stopped after failed private-school and district-office aggregation attempts; submitted partial estimate after tool-limit cancellation.,15; 20; 22-25; 27; 29-32,1-5; 6-8; 11-14; 16-18; 26; 28,"The run spent late turns on wrong parser/query choices and broad aggregations, leaving no calls to finish all required Iowa top-three intersections and final counts.","Turn 15 | Tool logical error (status=error): {""error"": ""parse_xml_records only supports XML/KML files. Detected 'json'. Use query_file for CSV/JSON or read_file/grep_file for text.""}; Turn 20 | Tool logical error (status=error): {""error"": ""parse_xml_records only supports XML/KML files. Detected 'json'. Use query_file for CSV/JSON or read_file/grep_file for text.""}; Turn 22 | Tool logical error (status=error): {""error"": ""XML/KML was detected. query_file does not support XML because SQL has no stable row model for arbitrary XML documents.; Turn 24 | Tool logical error (status=error): {""error"": ""parse_xml_records only supports XML/KML files. Detected 'json'. Use query_file for CSV/JSON or read_file/grep_file for text.""}; Turn 27 | Tool logical error (status=error): {""error"": ""parse_xml_records only supports XML/KML files. Detected 'text'. Use query_file for CSV/JSON or read_file/grep_file for text.""}; Turn 30 | Tool logical error (status=error): {""error"": ""parse_xml_records only supports XML/KML files. Detected 'json'. Use query_file for CSV/JSON or read_file/grep_file for text.""}; Turn 32 | Tool result: Tool call cancelled. Tool limit reached (30/30 calls used). You must stop using other tools and immediately call submit_answer with your best current answer and reasoning. Do not call any other tool before submit_answer. You MUST follow this guidance immediately.; Turn 33 | Executing: submit_answer({""answer"": ""[124]"", ""reasoning"": ""Determined state FIPS = '19' (Iowa) from school district office listings. Attempted to aggregate county counts for public/private schools, district offices, and postsecondary institutions but reached the tool-call limit before completing all grouped queries; provided best current total estimate based on available partial counts and typical county distributions.""})","Relevant Iowa school-location data was found, but turns were spent on incompatible parsing and broad aggregation repairs.",The repeated failures were query/parser choices and unfiltered county aggregations.,valid,,34,pass,Validator pass: repeated parser/query mismatches and broad Iowa aggregations are grounded in the raw log.,Wrong-source or wrong-file computation loops,The run repeatedly tried incompatible parser/query choices and broad unfiltered aggregations instead of the needed STFIP 19 grouped counts.
tasks_mini/k-4-d-2/task_4.json,error_tools_limit,18,Redundant Reconfirmation After Evidence,Identity and APD result reconfirmation,"The agent identified Qadri/District 9, inspected council and APD search data, and got George as the top APD search sector for 2023, but exhausted the tool budget before querying dispatch incidents and public-school counts.","It repeatedly reformulated Zohaib/Qadri/District 9 searches, spent several calls on failed local grep-result inspection/download attempts, and then re-queried APD year/sector after already having the 2023 George sector result.","By Turn 30 it had the task-relevant APD sector result, George; after a wrong-year 2021 re-query, the run hit the tool limit at Turn 34 before dispatch-incident and school-count queries.",3-12; 16-20; 27-28; 31,1-2; 13-15; 21; 23-26; 29-30,"The run consumed many calls on repeated identity/district searches, failed local-result inspection/download attempts, and extra APD year/sector queries, leaving no remaining tool budget for dispatch-incident and public-school counts.","Turn 3 | Executing: search_value({""query"": ""Zohaib Qadri 'Zo' 'Zo Qadri' Austin district""}); Turn 17 | Tool logical error (status=error): {""success"": false, ""error"": ""Code repair failed: JSONDecodeError: Unterminated string starting at: line 1 column 9981 (char 9980)""}; Turn 20 | Tool result: Error: Validation failed for input parameters: 1 validation error for DownloadTool; Turn 30 | Tool result: {""success"": true, ""dataset_id"": ""apd-searches-by-type"", ""file_path"": ""files/rows.txt"", ""s3_uri"": ""s3://lakeqa-yc4103-datalake/datagov/apd-searches-by-type/files/rows.txt"", ""columns"": [""answer""], ""rows"": [[""George""]], ""row_count"": 1, ""truncated"": false}; Turn 31 | Executing: query_ideal({""dataset_id"": ""apd-searches-by-type"", ""file_path"": ""files/rows.txt"", ""sql"": ""SELECT \""Sector\"", COUNT(*) AS searches\nFROM t\nWHERE \""Council District\"" = 9 AND \""Occurred Year\"" = 2021\nGROUP BY \""Sector\""\nORDER BY searches DESC\nLIMIT 20;"", ""intent"": ""Find sector with most searches in 2021 for District 9 (earliest year identified earlier).""}); Turn 34 | Tool result: Tool call cancelled. Tool limit reached (30/30 calls used). You must stop using other tools and immediately call submit_answer with your best current answer and reasoning.","After obtaining the task-relevant APD sector result, the agent spent extra calls on identity/district rechecks, file-inspection failures, and APD re-queries.",The repeated behavior rechecked Qadri/District 9 and APD sector results before downstream queries.,valid,,36,repaired_pass,"Validator repaired ranges/evidence: Turn 29 treated productive, Turn 31 treated wasted wrong-year APD re-query, final submit anchored to Turn 35.",Redundant discovery and reconfirmation after enough evidence,The run repeatedly searched Qadri/District 9 and later re-queried APD sector/year information after already having the 2023 George result.
tasks_mini/k-4-d-4/task_13.json,error_tools_limit,14,Redundant Reconfirmation After Evidence,Repeated benefactor rediscovery,"Located Providence property-tax-roll datasets and assessment-band candidates, then spent the tail on repeated benefactor searches and Whitten/plat detail checks before submitting not enough info.","Repeated near-duplicate search_value calls about RI Hospital, 101 Dudley, Dudley, benefactor, named in honor/named for, Hasbro, Hassenfeld, and Whitten, then checked Whitten parcel details across years.","By turn 16 it had the 2018 assessment-band list; turns 21 and 26 surfaced Moses_Brown_Ives in search results, but the run did not read that source and instead continued searching and checking Whitten parcel details.",17-20; 22-25; 27-32,5-16; 21; 26,"The run used late turns on repeated broad benefactor searches and then Whitten property-detail checks, exhausting the tool budget before reading the surfaced Moses_Brown_Ives/Moses Brown path.","Turn 21 | {""dataset_id"": ""Moses_Brown_Ives""; Turn 23 | Tool result: Tool call cancelled. Note: you have used 'search' tools 7 times in a row.; Turn 26 | {""dataset_id"": ""Moses_Brown_Ives""; Turn 27 | Executing: grep_file({""dataset_id"": ""2018-property-tax-roll"", ""file_path"": ""files/rows.txt"", ""regex_pattern"": ""Whitten"", ""context_lines"": 2}); Turn 32 | Tool result: Tool call cancelled. Tool limit reached (30/30 calls used).","After assessment-band evidence and Moses Brown Ives surfaced, the agent kept re-searching benefactor terms and checking Whitten details.",Late turns repeated near-duplicate benefactor searches instead of reading the surfaced path.,valid,,34,repaired_pass,Validator repaired evidence snippets for repeated benefactor searches and Whitten parcel checks after Moses_Brown_Ives surfaced.,Redundant discovery and reconfirmation after enough evidence,The run kept repeating benefactor and parcel searches even after Moses_Brown_Ives surfaced as a source that needed to be read.
tasks_mini/k-4-d-4/task_6.json,error_tools_limit,7,Redundant Reconfirmation After Evidence,Original-hop reconfirmation,"The agent found the capital-outlay datasets, computed the top counties, and computed 2019-20 release averages, but never retrieved the Dallas veterans disability recipient counts.","It repeatedly returned to finding/confirming the original 23 Texas counties after already having enough working evidence to continue, including repeated searches and cached-file extraction attempts.","After identifying Dallas as the highest-release remaining county, it hit the tool limit while again trying to extract original-county evidence instead of querying the 2020 and 2023 veterans recipient datasets.",20-23; 30-32,1-5; 11-18; 24-29,"The budget was spent on repeated original-county searches and extraction attempts, leaving no calls for the final veterans disability compensation recipient counts.","Turn 20 | Executing: execute_ideal({""code"": ""# intent: parse the cached full content of the Wikipedia 'List_of_counties_in_Texas' page saved earlier and extract county names or lines mentioning 1836 or the original 23; Turn 20 | Tool result: Tool call cancelled. Note: you have used 'execute' tools 7 times in a row.; Turn 21 | Executing: search_value({""query"": ""original 23 counties 'Aransas' 'Bexar' 'Bexar County' list of original counties Republic of Texas municipalities list 'original counties' 'municipios' names 'Aransas' 'Bexar' 'Bastrop' 'Caldwell'""}); Turn 22 | Executing: search_value({""query"": ""original 23 counties of the Republic of Texas list \""original 23 counties\"" names 'Republic of Texas' 'municipios' '23 municipalities' list of names""}); Turn 23 | Executing: search_value({""query"": ""Aransas Bexar Brazoria Colorado Jackson Matagorda Nacogdoches Refugio Victoria original 23 counties 'original 23' list""}); Turn 30 | Executing: grep_file({""dataset_id"": ""List_of_counties_in_Texas"", ""file_path"": ""content.txt"", ""regex_pattern"": ""1836"", ""context_lines"": 2}); Turn 31 | Executing: search_value({""query"": ""list of the 23 original counties of Texas 'original counties of Texas' names '23' 'municipios' '1836' 'original 23' 'counties' 'names'""}); Turn 32 | Tool result: Tool call cancelled. Tool limit reached (30/30 calls used). You must stop using other tools and immediately call submit_answer with your best current answer and reasoning.; Turn 33 | Executing: submit_answer({""answer"": ""[13000]"", ""reasoning"": ""I computed capital outlay averages (2018-2021) and identified the top-five counties (Harris, Dallas, Travis, Montgomery, Bexar). Removing counties that were among the original 23 (Harris and Bexar) left Dallas, Travis, and Montgomery; Dallas had the highest average criminal releases in 2019-20. Due to tool-call limits I could not retrieve the exact veterans disability compensation recipient counts for Dallas in 2020 and 2023, so I provided a best-estimate average (13,000) for those years.""})",The agent had enough county and release evidence to continue but kept returning to the original Texas county set.,Wasted calls repeatedly rechecked the first-hop county evidence.,valid,,34,pass,Validator pass: repeated original-county searches after Dallas release ranking and final missing veterans counts are grounded in the raw log.,Redundant discovery and reconfirmation after enough evidence,"After Dallas was identified as the needed county, the run returned to re-extracting original-county evidence instead of retrieving the veterans disability count."
tasks_mini/k-4-d-2/task_6.json,error_tools_limit,15,Wrong Source Computation Loop,Wrong-year and metadata repair loop,"The run found the relevant crime, arrest, RIPA, and 2020 crime dataset leads, but followed a wrong intermediate path from limited/sample counts and ran out of tools before completing a valid final area-filtered 2020 count.","It repeatedly retried and repaired the 2010-2019 simple-battery year computation, then spent several calls paging through RIPA and 2020 metadata/schema instead of completing the final count.","After an unfiltered 2020 Crm Cd 624 count failed against metadata columns, the remaining calls inspected 2020 metadata and the run stopped before a valid area-filtered 2020 count could be run.",10-13; 16-17; 23-27; 29-32,1-9; 14-15; 18-22; 28; 33,"The tool budget was consumed by repeated ideal repair attempts and schema/metadata paging after the path had narrowed, leaving no call for a valid final 2020 area-filtered count.","Turn 11 | Tool result: Error: Validation failed for input parameters: 1 validation error for DownloadTool; Turn 15 | Tool result: {""output"": ""{2010: 20, 2011: 0, 2012: 0, 2013: 0, 2014: 0, 2015: 0, 2016: 0, 2017: 0, 2018: 0, 2019: 0}\n""; Turn 27 | Executing: read_file({""dataset_id"": ""lapd-ripa-ab-953-stop-incident-details-from-7-1-2018-to-present"", ""file_path"": ""files/5gp9-8nrb.txt"", ""start_line"": 578, ""max_lines"": 4000}); Turn 28 | Tool logical error (status=error): {""error"": ""Query failed: Binder Error: Referenced column \""Crm Cd\"" not found in FROM clause!""; Turn 32 | Tool result: Tool call cancelled. Tool limit reached (30/30 calls used). You must stop using other tools and immediately call submit_answer",The agent followed a wrong intermediate computation path and kept repairing or paging through metadata rather than completing the valid final area-filtered count.,The repeated work focused on 2010-2019 repairs and 2020 metadata/schema instead of the final scoped count.,valid,,34,repaired_pass,Validator repaired narrative/evidence to avoid implying the correct Central/Area path was known; row reflects wrong 2010/Pacific path and metadata paging.,Wrong-source or wrong-file computation loops,The run followed a limited/sample-count path and spent later turns repairing computations and paging metadata/schema rather than completing the final area-filtered count.
tasks_mini/k-4-d-2/task_9.json,error_tools_limit,14,Wrong Source Computation Loop,Wrong metadata file loop,"Found the peak year, Van Nuys, and Area ID 9, but spent many later turns querying or inspecting the 2020 metadata JSON and rechecking the already-known peak year before reaching the correct 2020 rows.txt schema; the final count query was cancelled by the tool limit.","Repeated wrong-file metadata queries and inspections against files/2nrs-mtv8.txt, then backtracked to recompute or reconfirm the peak year instead of moving directly to files/rows.txt for the AREA 09, Crm Cd 510 count.","By Turn 25 it had Area ID 9, and by Turn 31 it had the correct files/rows.txt schema; Turn 32 attempted the final count but was cancelled by the 30/30 tool limit.",15-24; 26-29,1-14; 25; 30-31,"The run used too many calls on wrong metadata files, JSON structure inspection, and redundant peak-year recomputation, leaving no available tool call for the final 2020 AREA 09 stolen-vehicle count.","Turn 15 | Tool logical error (status=error): {""error"": ""parse_xml_records only supports XML/KML files. Detected 'json'. Use query_file for CSV/JSON or read_file/grep_file for text.""}; Turn 22 | grep_file({""dataset_id"": ""crime-data-from-2020-to-present"", ""file_path"": ""files/2nrs-mtv8.txt"", ""regex_pattern"": ""\\b510\\b|VEHICLE - STOLEN|VEHICLE - ATTEMPT STOLEN|STOLEN"", ""context_lines"": 0}); Turn 31 | peek_file({""dataset_id"": ""crime-data-from-2020-to-present"", ""file_path"": ""files/rows.txt"", ""max_rows"": 20}); Turn 32 | Tool result: Tool call cancelled. Tool limit reached (30/30 calls used). You must stop using other tools and immediately call submit_answer with your best current answer and reasoning.",The tail repeatedly inspected 2020 metadata and recomputed the peak year instead of using the narrowed rows.txt target.,The wasted calls centered on files/2nrs-mtv8.txt metadata rather than the needed rows file.,valid,,34,repaired_pass,Validator repaired exact evidence snippets for Turn 25 and Turn 27; wrong metadata file loop retained.,Wrong-source or wrong-file computation loops,The run repeatedly inspected the metadata JSON and recomputed an already-known peak year before reaching the correct rows file too late.
tasks_mini/k-4-d-5/task_3.json,error_unknown,11,Wrong Source Computation Loop,Wrong dataset repair loop,"The run searched drug-prescription data, locked onto Medicare Part D sources, and spent most later turns repairing/rewriting computations on those sources instead of completing the multi-hop answer.",Repeated Medicare Part D execute/query attempts and repair-agent rewrites after semantic judges repeatedly reported no matching authored computation; later switched to another Medicare geography file and repeated the same pattern.,"By Turn 6 the log exposed state-drug-utilization-data as the matching authored direction, but the agent continued working Medicare Part D files until the hard timeout.",8-13; 15; 19; 21-23,1-6; 14; 16,"The run consumed the remaining wall-clock budget on repeated low-yield Medicare Part D computations and repair attempts, never submitting an answer before timeout.","Turn 6 | Executing: query_ideal({""dataset_id"": ""medicare-part-d-spending-by-drug-401d2"", ""file_path"": ""files/DSD_PTD_RY24_P04_V10_DY22_BGM.txt""; Turn 6 | Tool logical error (status=error): {""success"": false, ""error"": ""Cannot execute SQL: query_file does not complete within practical preflight time for this large CSV source."", ""dataset_id"": ""state-drug-utilization-data-2018-b2fe5""; Turn 9 | Executing: execute_ideal({""code"": ""import pandas as pd\nfn = '/home/ec2-user/eval_eqa/exploratory-qa-eval/.sandbox_isolated/task_1289399_1778877619699/medicare-part-d-spending-by-drug-401d2/files/DSD_PTD_RY24_P04_V10_DY22_BGM.txt'; Turn 13 | Tool logical error (status=error): {""output"": """", ""error"": ""KeyError: \""Missing expected column for year 2018.; Turn 19 | Executing: query_ideal({""dataset_id"": ""medicare-part-d-prescribers-by-geography-and-drug-67fb0"", ""file_path"": ""files/MUP_DPR_RY21_P04_V10_DY18_Geo.txt""; Turn 23 | Executing: execute_ideal({""code"": ""# Let's read the file but only extract the national rows and Tot_Clms as numeric, then find rows with Tot_Clms between 5M and 10M; Turn 24 | Hard timeout reached (600s timeout + 30s submit grace exhausted). Cancelling agent invocation.","The authored direction pointed to state drug utilization data, but the run kept repairing Medicare Part D computations.",Most wasted turns were repeated repair attempts on the off-target Medicare source.,valid,,24,pass,Validator pass: error_unknown extracted as hard timeout after repeated wrong-source Medicare Part D loop.,Wrong-source or wrong-file computation loops,The run stayed on Medicare Part D sources and repeated compute/repair attempts despite an earlier signal pointing toward state drug utilization data.
