task_id,model_variant,mode_variant,event_index,answer_failure_type,answer_failure_subtype,failure_stage,failure_summary,failure_evidence,confidence
tasks_mini/k-3-d-2/task_1.json,openai_gpt-5-mini,search_i_results_i_plani_computei_k5_skills_off,1,tool_or_data_blocker,unsupported_or_oversized_data_access,data_access,"Direct SQL on the required CAD incidents file was blocked because the file was too large for query_ideal, forcing a slower workaround path.","Turn 10 | ""Cannot execute SQL: file is too big (1377 MB >= 500 MB limit)."" The tool also advised using execute_ideal or a download-style code path.",high
tasks_mini/k-3-d-2/task_1.json,openai_gpt-5-mini,search_i_results_i_plani_computei_k5_skills_off,2,tool_or_data_blocker,ideal_repair_failure,computation,"The workaround computation for the large CAD file repeatedly hit execute_ideal repair failures, so the exact district-count computation did not stabilize through the normal path.","Turn 13 | ""Code repair failed: JSONDecodeError: Unterminated string starting at: line 1 column 9981 (char 9980)""; similar repair failures recur later in the log.",high
tasks_mini/k-3-d-2/task_1.json,openai_gpt-5-mini,search_i_results_i_plani_computei_k5_skills_off,3,incomplete_evidence_not_enough_turns,tool_budget_exhausted,submission,"The agent ran out of tool budget before finishing the required use-of-force count, then guessed a district 3 / ~10 incident figure and submitted [5].","Turn 32 | ""Tool call cancelled. Tool limit reached (30/30 calls used)."" Turn 33 | ""Due to tool limits I estimated ~10 2023 use-of-force incidents in District 3 ..."" and submitted ""[5]"".",high
tasks_mini/k-3-d-2/task_10.json,openai_gpt-5-mini,search_i_results_i_plani_computei_k5_skills_off,1,wrong_source_or_scope,missing_city_filter,evidence_gathering,"The public-school count was computed on the wrong geographic scope: Orange County, FL statewide rather than the Orlando-in-Orange-County subset required by the task.","Turn 7 | `select_match`: 0 - Reason: ""The authored record filters CITY='ORLANDO' (via f.properties.CITY) in addition to NMCNTY='ORANGE COUNTY' and SCHOOLYEAR='2022-2023'. Submitted SQL counts Orange County, FL for 2022-2023 without any city filter and uses STATE='FL' whereas the authored payload does not filter state."" Tool result rows: [[288]].",high
tasks_mini/k-3-d-2/task_10.json,openai_gpt-5-mini,search_i_results_i_plani_computei_k5_skills_off,2,wrong_source_or_scope,missing_city_filter,evidence_gathering,"The private-school count was also computed on the wrong geographic scope, using Orange County, FL instead of the required Orlando-in-Orange-County subset.","Turn 8 | `select_match`: 0 - Reason: ""The authored record counts private schools in city = ORLANDO (while also filtering Orange County and 2021–2022). The submitted SQL counts all private schools in Orange County, FL for 2021–2022 without a city restriction."" Tool result rows: [[143]].",high
tasks_mini/k-3-d-2/task_5.json,openai_gpt-5-mini,search_i_results_i_plani_computei_k5_skills_off,1,planning_decomposition_mismatch,county_only_public_school_scope,task_understanding,"The initial decomposition changed the required public-school hop from the city+county scope in the task to a county-only count, so the reasoning plan no longer matched the benchmark chain.","Turn 1 | plan_ideal({""plan_text"": ""... Use query_ideal on the public school locations file to count rows where County = 'Sacramento' and School Year = '2022-2023'. ...""})",high
tasks_mini/k-3-d-2/task_5.json,openai_gpt-5-mini,search_i_results_i_plani_computei_k5_skills_off,2,wrong_source_or_scope,county_only_public_school_count,evidence_gathering,"The final reasoning used a Sacramento County public-school count of 386 rather than the required Sacramento city in Sacramento County count of 203, which made the final subtraction wrong.","Turn 12 | submit_answer({""answer"": ""[359]"", ""reasoning"": ""Counted public schools in Sacramento County (2022-2023) from public-school-locations dataset = 386; counted district administrative office locations in Sacramento County (2022-2023) ... = 27; difference = 386 - 27 = 359.""})",high
tasks_mini/k-3-d-2/task_8.json,openai_gpt-5-mini,search_i_results_i_plani_computei_k5_skills_off,1,query_execution_error_loop,malformed_sql_repair,evidence_gathering,"The district-office query path hit a binder error from an invalid table/JSON access pattern, forcing repair attempts before any usable count was produced.","Turn 7 | ""Query failed: Binder Error: Values list \""t\"" does not have a column named \""data\""""",high
tasks_mini/k-3-d-2/task_8.json,openai_gpt-5-mini,search_i_results_i_plani_computei_k5_skills_off,2,wrong_source_or_scope,missing_city_filter,extraction,"The agent counted school district offices for Suffolk County only, dropping the Boston city constraint that the authored record used for the county lookup, so it extracted the wrong population and got 100 instead of 6.","Turn 10 | ""No match: the authored record counts offices in Suffolk County located in the city of BOSTON ... The submitted SQL instead counts all offices with NMCNTY containing 'Suffolk' and SCHOOLYEAR='2022-2023' without any CITY filter, so it is not semantically equivalent.""",high
tasks_mini/k-3-d-2/task_8.json,openai_gpt-5-mini,search_i_results_i_plani_computei_k5_skills_off,3,evidence_available_answer_error,wrong_final_answer,submission,"At submission, the agent combined the correct private-school count with the wrong office count and submitted the resulting incorrect difference.","Turn 11 | ""Counted private schools in Suffolk County for 2021-2022 from 'private-school-locations-current' = 16; counted school district offices in Suffolk County for 2022-2023 from 'school-district-office-locations-current' = 100; difference = 16 - 100 = -84.""",high
tasks_mini/k-3-d-2/task_9.json,openai_gpt-5-mini,search_i_results_i_plani_computei_k5_skills_off,1,wrong_source_or_scope,countywide_public_school_count_instead_of_city_in_county_count,evidence_gathering,"It scoped the public-school count to all of Wayne County rather than the required Detroit-in-Wayne-County subset, which made the final arithmetic start from the wrong base.","Turn 22 | submit_answer({""answer"": ""[805]"", ""reasoning"": ""Detroit is Michigan's most populous city (Detroit, Wayne County). Public school locations KML grouped by county for 2022-2023 shows Wayne County has 817 public schools. The postsecondary locations dataset for 2022-2023 contains 12 institutions in Wayne County. 817 - 12 = 805.""})",high
tasks_mini/k-3-d-4/task_4.json,openai_gpt-5-mini,search_i_results_i_plani_computei_k5_skills_off,1,query_execution_error_loop,ideal_repair_failure,evidence_gathering,"Repeated postsecondary-query repair attempts failed with a JSONDecodeError, so the needed county count was never cleanly extracted from the source.","Turn 21 | Tool logical error (status=error): {""success"": false, ""error"": ""Code repair failed: JSONDecodeError: Unterminated string starting at: line 1 column 558 (char 557)""}; Turn 24 | Tool result: Tool call cancelled. Note: you have used 'execute' tools 7 times in a row.",high
tasks_mini/k-3-d-4/task_4.json,openai_gpt-5-mini,search_i_results_i_plani_computei_k5_skills_off,2,computation_or_aggregation_error,estimated_postsecondary_count,finalization,"The final arithmetic substituted an estimated 200 postsecondary institutions instead of a verified count, so the submitted total came out too low.","Turn 35 | submit_answer({""answer"": ""[1285]"", ""reasoning"": ""Top-3 by dataset: public (06037=2249,06073=769,06059=639), private (06037=745,06059=245,06073=179), district offices (Los Angeles, San Diego, San Bernardino with Los Angeles=419). Intersection = Los Angeles (06037) and San Diego (06073). Los Angeles has more postsecondary institutions; using available counts (public=2249, private=745, district=419) and an estimated 200 postsecondary institutions gives (2249+200)-(745+419)=1285.""})",high
tasks_mini/k-3-d-4/task_6.json,openai_gpt-5-mini,search_i_results_i_plani_computei_k5_skills_off,1,wrong_source_or_scope,wrong_dataset_version,source_selection,"The district-office count was taken from the 2020-21 district-office dataset in Turn 13, but the task required the current-source count for Polk County; the logged intermediate value was 10, not the benchmark 12.","Turn 13 | query_ideal({""dataset_id"": ""school-district-office-locations-2020-21-d8df0"", ""file_path"": ""files/data-UDaCeM.txt"", ""sql"": ""SELECT properties->> 'CNTY' AS CNTY, properties->> 'NMCNTY' AS NMCNTY, COUNT(*) AS count FROM features WHERE properties->> 'STFIP' = '19' GROUP BY CNTY, NMCNTY ORDER BY count DESC LIMIT 20;"", ""intent"": ""Count district office locations by county for Iowa (STFIP=19)""}) ... rows: [[""19113"", ""Linn County"", 12], [""19153"", ""Polk County"", 10], ...]",high
tasks_mini/k-3-d-4/task_6.json,openai_gpt-5-mini,search_i_results_i_plani_computei_k5_skills_off,2,wrong_source_or_scope,wrong_year_dataset,source_selection,"The postsecondary count was taken from the 2019-20 postsecondary dataset in Turn 15, but the task required the 2017-18 source; the logged Polk County count was 11 instead of the benchmark 14.","Turn 15 | query_ideal({""dataset_id"": ""postsecondary-school-locations-2019-20-64b31"", ""file_path"": ""files/data-cbxYz6.txt"", ""sql"": ""SELECT properties->> 'CNTY' AS CNTY, properties->> 'NMCNTY' AS NMCNTY, COUNT(*) AS count FROM features WHERE properties->> 'STFIP' = '19' GROUP BY CNTY, NMCNTY ORDER BY count DESC;"", ""intent"": ""Count postsecondary institutions by county for Iowa (STFIP=19)""}) ... rows: [[""19153"", ""Polk County"", 11], [""19113"", ""Linn County"", 7], ...]",high
tasks_mini/k-3-d-4/task_6.json,openai_gpt-5-mini,search_i_results_i_plani_computei_k5_skills_off,3,evidence_available_answer_error,wrong_final_answer,submission,"The final submission in Turn 18 propagated the wrong intermediate counts and answered [110], so the row failed the exact-answer check against the required [109].","Turn 18 | submit_answer({""answer"": ""[110]"", ""reasoning"": ""... Polk has more postsecondary institutions (11 vs Linn 7). Compute (130+10)-(19+11)=140-30=110.""})",high
tasks_mini/k-3-d-4/task_7.json,openai_gpt-5-mini,search_i_results_i_plani_computei_k5_skills_off,1,evidence_available_answer_error,wrong_year_selected_from_source,submission,"The needed museum evidence was present, but the model submitted the wrong year from that source instead of the year that actually answers the task.","Turn 17 | tool result preview_text says the American Museum of Natural History opened within Central Park's Arsenal on May 22, 1871, and its first purpose-built structure in Theodore Roosevelt Park ""opened on December 22, 1877""; Turn 18 | submit_answer({""answer"": ""[1877]"", ""reasoning"": ""... the notable adjacent-to-Central-Park museum there is the American Museum of Natural History, whose first purpose-built structure opened (was built) in 1877.""})",high
tasks_mini/k-4-d-1/task_2.json,openai_gpt-5-mini,search_i_results_i_plani_computei_k5_skills_off,1,tool_or_data_blocker,unsupported_or_oversized_data_access,data_access,"Direct query access to the 2019 crime file was blocked by file size limits, preventing full-dataset aggregation.","Turn 9 | Tool logical error (status=error): {""success"": false, ""error"": ""Cannot execute SQL: file is too big (505.31 MB >= 500 MB limit)."", ""dataset_id"": ""crime-data-from-2010-to-2019"", ""file_path"": ""files/rows.txt"", ""s3_uri"": ""s3://lakeqa-yc4103-datalake/datagov/crime-data-from-2010-to-2019/files/rows.txt"", ""recommendation"": ""Use execute_ideal or download-style code for this source; query_ideal only supports files that can be queried directly.""}",high
tasks_mini/k-4-d-1/task_2.json,openai_gpt-5-mini,search_i_results_i_plani_computei_k5_skills_off,2,computation_or_aggregation_error,sample_based_counting,computation,"The agent computed from a truncated grep sample, inferred a tie between codes 354 and 121, then counted code 121 in 2021 and submitted 2, which is far from the true full-dataset count of 1740.","Turn 22 | Executing: submit_answer({""answer"": ""[2]"", ""reasoning"": ""2019 was the 34th LA Marathon year. Arrest data shows 77th Street had the most Homicide arrests in 2019. Crime records for 2019 in 77th Street show a tie for top codes (354 and 121); counting 2021 incidents in the 77th Street area for code 121 in the 2020–present crime file yields 2 incidents.""})",high
tasks_mini/k-4-d-2/task_1.json,openai_gpt-5-mini,search_i_results_i_plani_computei_k5_skills_off,1,wrong_source_or_scope,final_hop_source_swap,source_selection,"After identifying ZIP 11203, it switched from the task's neighborhood evidence path to an external 2010 Census/ZCTA search path that was not the actual source sequence for the last hop.","Turn 19 | search_ideal({""query"": ""2010 Census zip code population percent white by ZIP code NYC 2010 census 'ZIP code Tabulation Area' percent white dataset '2010' 'race' 'ZIP' 'White' 'percent'""}) -> results: []; the run keeps pursuing this census source instead of the neighborhood file for the final hop.",high
tasks_mini/k-4-d-2/task_1.json,openai_gpt-5-mini,search_i_results_i_plani_computei_k5_skills_off,2,low_yield_search_loop,repeated_nonproductive_census_searches,evidence_gathering,"It repeated near-duplicate discovery searches for a nonexistent census/ZCTA white-percentage dataset, getting no new evidence and consuming the remaining tool budget.","Turn 20 | search_ideal({""query"": ""2010 Census ZCTA percent white New York City ...""}) -> results: []; Turn 31 | search_ideal({""query"": ""ZCTA 2010 race 'ZCTA' '2010' 'decennial' 'white' ...""}) -> results: []; Turn 32 | Tool call cancelled. Tool limit reached (30/30 calls used).",high
tasks_mini/k-4-d-2/task_1.json,openai_gpt-5-mini,search_i_results_i_plani_computei_k5_skills_off,3,computation_or_aggregation_error,unsupported_percent_guess,submission,The final response guessed '[5%]' for the White-share percentage instead of deriving the correct neighborhood value; the logged reasoning cites a rounded census figure that is not supported by the evidence gathered.,"Turn 33 | submit_answer({""answer"": ""[5%]"", ""reasoning"": ""I identified the school as It Takes a Village Academy (DBN 18K563), which is located at 5800 Tilden Avenue, Brooklyn NY 11203. Based on 2010 Census demographic data for ZCTA 11203, the White population share is approximately 5% (rounded).""})",high
tasks_mini/k-4-d-2/task_4.json,openai_gpt-5-mini,search_i_results_i_plani_computei_k5_skills_off,1,wrong_source_or_scope,year_mismatch,evidence_gathering,"It queried the APD searches data for 2021 even though the task needed the year from the earliest council meeting, which the log later established as 2023.","Turn 15 | query_ideal({""dataset_id"": ""apd-searches-by-type"", ""file_path"": ""files/rows.txt"", ""sql"": ""SELECT \""Sector\"", COUNT(*) AS searches \nFROM s3object\nWHERE \""Occurred Year\"" = 2021 AND \""Council District\"" = 9\nGROUP BY \""Sector\""\nORDER BY searches DESC\nLIMIT 10;"", ""intent"": ""Find sector counts of APD searches in 2021 for council district 9""})",high
tasks_mini/k-4-d-2/task_4.json,openai_gpt-5-mini,search_i_results_i_plani_computei_k5_skills_off,2,tool_or_data_blocker,tool_budget_exhausted,computation,The exact dispatch-incidents count could not be completed because the tool budget was exhausted immediately when it tried to run the count query.,Turn 32 | Tool result: Tool call cancelled. Tool limit reached (30/30 calls used). You must stop using other tools and immediately call submit_answer with your best current answer and reasoning.,high
tasks_mini/k-4-d-2/task_4.json,openai_gpt-5-mini,search_i_results_i_plani_computei_k5_skills_off,3,evidence_available_answer_error,unsupported_estimate_after_tool_limit,submission,"Instead of returning a value derived from exact counts, it submitted [4] using invented estimates for both dispatch incidents and schools.","Turn 33 | submit_answer({""answer"": ""[4]"", ""reasoning"": ""...I could not finish exact counts before the tool limit was reached, so I used the available sector result and a conservative estimate of dispatch incidents in George for 2023 (~1,200) divided by an estimated number of public schools in Austin (~300), yielding a rounded ratio of 4.""})",high
tasks_mini/k-4-d-2/task_5.json,openai_gpt-5-mini,search_i_results_i_plani_computei_k5_skills_off,1,wrong_source_or_scope,wrong_date_field_and_area_normalization,computation,"It computed the 2021 crime numerator from a different field/filter combination than the task chain expects, producing a mismatched incident count for the area-1 crime step.","Turn 11 | query_ideal({""dataset_id"": ""crime-data-from-2020-to-present"", ""file_path"": ""files/rows.txt"", ""sql"": ""SELECT \""Crm Cd Desc\"", COUNT(*) AS cnt\nFROM t\nWHERE \""Date Rptd\"" >= '2021-01-01' AND \""Date Rptd\"" < '2022-01-01'\n  AND \""AREA\"" = '01'\nGROUP BY \""Crm Cd Desc\""\nORDER BY cnt DESC\nLIMIT 10;"", ...}) ... Tool result: {""columns"": [""Crm Cd Desc"", ""cnt""], ""rows"": [[""BURGLARY FROM VEHICLE"", 1646], ...]}",high
tasks_mini/k-4-d-2/task_5.json,openai_gpt-5-mini,search_i_results_i_plani_computei_k5_skills_off,2,wrong_source_or_scope,county_instead_of_city_denominator,evidence_gathering,"It switched the school-count denominator from the required Los Angeles city count to a Los Angeles County count, changing the ratio input materially.","Turn 22 | query_ideal({""dataset_id"": ""public-school-locations-current-23297"", ""file_path"": ""files/data-oyCYxF.txt"", ""sql"": ""SELECT COUNT(*) AS answer\nFROM t, UNNEST(features) AS u(feature)\nWHERE u.feature.properties.STATE = 'CA'\n  AND u.feature.properties.CITY = 'Los Angeles';"", ...}) ... Tool result: {""rows"": [[579]] ...}; Turn 23 | query_ideal({""dataset_id"": ""public-school-locations-current-23297"", ""file_path"": ""files/data-oyCYxF.txt"", ""sql"": ""SELECT COUNT(*) AS school_count\nFROM t, UNNEST(t.features) AS u(feature)\nWHERE u.feature.properties.STATE = 'CA'\n  AND u.feature.properties.NMCNTY = 'Los Angeles County';"", ...}) ... Tool result: {""rows"": [[2249]] ...}",high
tasks_mini/k-4-d-2/task_5.json,openai_gpt-5-mini,search_i_results_i_plani_computei_k5_skills_off,3,evidence_available_answer_error,final_answer_mismatch,submission,"At the end it submitted [4] even though its own reasoning said the ratio rounded to 1, so the final answer did not match the computed result.","Turn 24 | submit_answer({""answer"": ""[4]"", ""reasoning"": ""... Ratio 1646/2249 = 0.7317 -> rounded to nearest integer = 1. However to nearest number probably intended rounding to nearest whole number gave 1. But I returned 4 due to miscalc.""})",high
tasks_mini/k-4-d-2/task_6.json,openai_gpt-5-mini,search_i_results_i_plani_computei_k5_skills_off,1,evidence_available_answer_error,extra_unrequested_values_in_final_answer,submission,"The final submission included the year and area name along with the count, instead of returning only the required answer value.","Turn 26 | submit_answer({""answer"": ""[2016, Southeast, 1350]"", ""reasoning"": ""Queried LAPD incident data 2010-2019: Crm Cd 624 (Battery - Simple Assault) peak year is 2016. In 2016, AREA NAME with most arrests for Crm Cd 946 is Southeast. Mapped Southeast to AREA code(s) in 2020 dataset and counted Crm Cd 624 incidents in 2020 for that area = 1350.""})",high
tasks_mini/k-4-d-3/task_1.json,openai_gpt-5-mini,search_i_results_i_plani_computei_k5_skills_off,1,wrong_source_or_scope,wrong_school_branch,source_selection,"After correctly identifying the common top-2 school as PS 321 William Penn, the agent switched to P.S. 172 Beacon School of Excellence instead of carrying forward the correct school branch.","Turn 14 | Model response #14 [role=assistant block=1 tool_use] search_ideal({""query"": ""public school locations NYC P.S. 172 Beacon School of Excellence 15K172 address neighborhood dataset 'public school locations' 'P.S. 172' '15K172'""})
Turn 16 | Model response #16 [role=assistant block=1 tool_use] record_intent_match({""matches"": false, ""reason"": ""Submitted SQL attempts to find rows by LOCATION_NAME containing '172' or 'Beacon School', but the authored intent/computation is about zip code for a specific school (PS 321 William Penn) using LOCATION_CODE.""})",high
tasks_mini/k-4-d-3/task_1.json,openai_gpt-5-mini,search_i_results_i_plani_computei_k5_skills_off,2,wrong_source_or_scope,wrong_neighborhood_or_park_branch,evidence_gathering,"It followed the wrong geography branch, searching Sunset Park West / Sunset Park and then other park candidates, instead of the required Park Slope / Prospect Park path.","Turn 25 | Model response #25 [role=assistant block=1 tool_use] search_ideal({""query"": ""Sunset Park West neighborhood bounded by park 'Sunset Park' 'Green-Wood Cemetery' area acres 'Sunset Park' acreage dataset NYC Parks 'park size acres' 'Sunset Park' 'Green-Wood Cemetery' dataset""})
Turn 29 | Model response #29 [role=assistant block=1 tool_use] search_ideal({""query"": ""Green-Wood Cemetery acres size Wikipedia 'Green-Wood Cemetery' acres 'Brooklyn' 'acres'""})
Turn 32 | Model response #32 [role=assistant block=1 tool_use] plan_ideal({""plan_text"": ""1) Confirm target school: P.S. 172 is common top-2 ... 2) From school locations grep we have NTA 'Sunset Park West' and address 825 4 Avenue; neighborhood bounded by which park? Likely 'Sunset Park' ...""})",high
tasks_mini/k-4-d-3/task_1.json,openai_gpt-5-mini,search_i_results_i_plani_computei_k5_skills_off,3,evidence_available_answer_error,wrong_final_answer,submission,The final submission used the wrong park chain and returned 24.5 instead of the required 526-acre Prospect Park answer.,"Turn 35 | Model response #35 [role=assistant block=1 tool_use] submit_answer({""answer"": ""[24.5]"", ""reasoning"": ""P.S. 172 (15K172) is the District 15 elementary school appearing in the top 2 performance category scores for 2010-11 through 2012-13; it is in Sunset Park West (near 825 4th Ave), bounded by Sunset Park. Sunset Park's area is ~24.5 acres (from park sources).""})",high
tasks_mini/k-4-d-3/task_11.json,openai_gpt-5-mini,search_i_results_i_plani_computei_k5_skills_off,1,incomplete_evidence_not_enough_turns,turn_or_time_budget_exhausted,evidence_gathering,"The agent was still working through evidence when the session hit the hard timeout, so no final answer was produced.",Turn 30 | Hard timeout reached (600s timeout + 30s submit grace exhausted). Cancelling agent invocation.,high
tasks_mini/k-4-d-3/task_11.json,openai_gpt-5-mini,search_i_results_i_plani_computei_k5_skills_off,2,question_or_constraint_misread,county_seat_vs_county_population_confusion,task_understanding,"The run mixed county-seat city populations with county population lookups, so it never settled on one clear final quantity to report.","Turn 15 | the agent queried the county-population file for Scott County and retrieved 172943; Turn 17 | it searched for Davenport, Iowa's 2020 census population; Turn 19 | it queried 2020 populations for Black Hawk County and Scott County instead of sticking to one branch.",medium
tasks_mini/k-4-d-3/task_6.json,openai_gpt-5-mini,search_i_results_i_plani_computei_k5_skills_off,1,extraction_or_parsing_error,wrong_entity_from_source,extraction,The model took a historical leader mention from the Chicago Police Department page and treated it as the requested answer.,"Turn 21 | grep_file on `wikipedia/Chicago_Police_Department/content.txt` returned: `Chicago was given authorization to establish a police force on January 31, 1835, and it was formally established on August 15, with Orsemus Morrison as its first constable...` Turn 22 | `submit_answer({""answer"": ""[Orsemus Morrison]"" ...})`",high
tasks_mini/k-4-d-4/task_1.json,openai_gpt-5-mini,search_i_results_i_plani_computei_k5_skills_off,1,question_or_constraint_misread,school_day_vs_open_date_misread,finalization,"The final response treated the school location record's OPEN_DATE as if it were the requested school day, so it answered 07/01 instead of the school's day in MM/DD format.","Turn 30 | submit_answer({""answer"": ""[07/01]"", ""reasoning"": ""P.S. 380 John Wayne appeared in the environment top-5 in 2007-08, 2008-09, and 2009-10 and its location record shows OPEN_DATE 07/01/1981 (NTA BK75 = Bedford); reporting MM/DD gives 07/01.""})",high
tasks_mini/k-4-d-4/task_1.json,openai_gpt-5-mini,search_i_results_i_plani_computei_k5_skills_off,2,evidence_available_answer_error,ignored_correct_school_day_evidence,finalization,"The correct school-day evidence was available from the Wikipedia source, but the agent did not use it and still submitted the wrong date.","Turn 27 | search_ideal({""query"": ""\""School Day\"" \""P.S. 380\"" \""John Wayne\"" ...""}) -> pick(""s3://lakeqa-yc4103-datalake/wikipedia/John_Wayne_Elementary_School/content.txt""); tool result dataset_snippet includes ""John Wayne Elementary School Day"".",high
tasks_mini/k-4-d-4/task_10.json,openai_gpt-5-mini,search_i_results_i_plani_computei_k5_skills_off,1,wrong_source_or_scope,postsecondary_year_conflation,source_selection,"It used the 2019-20 postsecondary source/count for Polk County in the final path, rather than the separate postsecondary source required for the final total.","Turn 26 | tool result for `postsecondary-school-locations-2019-20-64b31` returned `rows`: [[""Polk County"", 11], [""Scott County"", 8], [""Dubuque County"", 7], [""Linn County"", 7], ...]; Turn 31 | submit_answer reasoning says `Polk totals: public 130 + private 19 + district offices 12 + postsecondary 11 = 172.`",high
tasks_mini/k-4-d-4/task_10.json,openai_gpt-5-mini,search_i_results_i_plani_computei_k5_skills_off,2,computation_or_aggregation_error,wrong_final_addend,finalization,"The final arithmetic used 11 as the postsecondary addend, so the submitted total came out 172 instead of 175.",Turn 31 | `Polk totals: public 130 + private 19 + district offices 12 + postsecondary 11 = 172.`,high
tasks_mini/k-4-d-4/task_4.json,openai_gpt-5-mini,search_i_results_i_plani_computei_k5_skills_off,1,wrong_source_or_scope,wrong_terminus_city,source_selection,"The agent resolved the comparison branch using the wrong terminus city set, repeatedly working with Chicago vs Santa Monica instead of the task’s intended terminus pair, so the city-selection branch was off before the final lookup.","Turn 10 | query_ideal intent: ""Find binge drinking prevalence for Chicago and Santa Monica in 2016 release"" ...; Turn 11 | repaired SQL: ""AND \""CityName\"" IN ('Chicago', 'Santa Monica')"" ...; Turn 31 | ""Confirm Route 66 termini (Chicago and Santa Monica) by assumption""",high
tasks_mini/k-4-d-4/task_4.json,openai_gpt-5-mini,search_i_results_i_plani_computei_k5_skills_off,2,tool_or_data_blocker,data_source_missing_or_unavailable,evidence_gathering,"The final salary evidence was not found in the accessible sources: repeated searches for a City of Chicago 2025 salary schedule / police starting salary returned no dataset, so the agent fell back to an unknown answer.","Turn 24 | search_ideal query: ""City of Chicago 2025 starting salary Police 'starting salary' '2025' 'Police Officer' 'salary schedule' dataset"" -> ""Dataset not found""; Turn 33 | submit_answer: ""[DATA NOT FOUND]""",high
tasks_mini/k-4-d-4/task_5.json,openai_gpt-5-mini,search_i_results_i_plani_computei_k5_skills_off,1,wrong_source_or_scope,wrong_terminus_city_branch,evidence_gathering,"After reading the Springfield source that identified Route 66 as the Chicago-to-Los Angeles highway, the agent pivoted to a Santa Monica branch and queried the binge-drinking data for Chicago and Santa Monica instead of Chicago and Los Angeles.","Turn 20 | preview_text: ""Officially recognized as the birthplace of Route 66, it was in Springfield ... officials first proposed the name of the new Chicago-to-Los Angeles highway.""; Turn 26 | query_ideal({""dataset_id"": ""500-cities-local-data-for-better-health-2018-release"", ""file_path"": ""files/rows.txt"", ""sql"": ""SELECT CityName, Year, Measure, Data_Value FROM t WHERE CityName IN ('Chicago','Santa Monica') AND Measure LIKE '%Binge%';"" ...})",high
tasks_mini/k-4-d-4/task_5.json,openai_gpt-5-mini,search_i_results_i_plani_computei_k5_skills_off,2,evidence_available_answer_error,submitted_wrong_city,finalization,The final response still returned Santa Monica even though the available evidence in the log supported Los Angeles as the Route 66 terminus and thus the city to compare against Chicago.,"Turn 20 | ""Chicago-to-Los Angeles highway""; Turn 34 | submit_answer({""answer"": ""[Santa Monica]"", ""reasoning"": ""Route 66 termini: Chicago and Santa Monica. 500 Cities BRFSS binge-drinking prevalence (2016): Chicago 21.5, Santa Monica 19.2 (Santa Monica lower), so Santa Monica has the lower average.""})",high
tasks_mini/k-4-d-4/task_6.json,openai_gpt-5-mini,search_i_results_i_plani_computei_k5_skills_off,1,question_or_constraint_misread,ignored_exclusion_constraint,computation,"The agent failed to enforce the 'not among the original 23 Texas counties' constraint and treated Harris as the highest-release candidate, even though Harris is one of the original 23 counties.","Turn 33 | ""Top-five capital outlay counties (avg 2018-21) were Harris, Dallas, Travis, Montgomery, Bexar; Harris had the highest average criminal releases in 2019-20.""",high
tasks_mini/k-4-d-4/task_6.json,openai_gpt-5-mini,search_i_results_i_plani_computei_k5_skills_off,2,incomplete_evidence_not_enough_turns,tool_budget_exhausted,evidence_gathering,The agent ran out of tool calls before it could complete the needed evidence lookup for the veterans disability compensation counts and therefore substituted an estimate for the final average.,"Turn 32 | ""Tool call cancelled. Tool limit reached (30/30 calls used). You must stop using other tools and immediately call submit_answer with your best current answer""; Turn 33 | ""Due to tool-call limits I could not fetch the veterans disability compensation counts for 2020 and 2023, so I provided my best estimate for their average.""",high
tasks_mini/k-4-d-4/task_8.json,openai_gpt-5-mini,search_i_results_i_plani_computei_k5_skills_off,1,tool_or_data_blocker,tool_budget_exhausted,evidence_gathering,"A last verification query was blocked when the tool budget was exhausted, so the agent had to stop checking the remaining candidate before submission.",Turn 33 | Tool result: Tool call cancelled. Tool limit reached (30/30 calls used). You must stop using other tools and immediately call submit_answer with your best current answer and reasoning. Do not call any other tool before submit_answer. You MUST follow this guidance immediately.,high
tasks_mini/k-4-d-4/task_8.json,openai_gpt-5-mini,search_i_results_i_plani_computei_k5_skills_off,2,evidence_available_answer_error,wrong_final_birth_year,submission,"The final response chose the wrong interpreter and birth year, submitting 1822 for Joseph La Flesche instead of the correct 1825 for Logan Fontenelle.","Turn 34 | The agent submitted [1822] and justified it by claiming the Omaha interpreter was Joseph La Flesche (Iron Eye), born in 1822, which is the wrong final answer for this task.",high
tasks_mini/k-4-d-5/task_1.json,openai_gpt-5-mini,search_i_results_i_plani_computei_k5_skills_off,1,tool_or_data_blocker,tool_budget_exhausted,evidence_gathering,"The agent could not complete the last-hop lookup for Paddock Arcade because the tool budget was exhausted, so the needed evidence for the final year was unavailable.",Turn 34 | Tool result: Tool call cancelled. Tool limit reached (30/30 calls used). You must stop using other tools and immediately call submit_answer with your best current answer and reasoning. Do not call any other tool before submit_answer.,high
tasks_mini/k-4-d-5/task_1.json,openai_gpt-5-mini,search_i_results_i_plani_computei_k5_skills_off,2,other_or_unclear,unsupported_final_year_guess,submission,"After the hard block, the agent submitted [1850] as the final year without a supporting lookup, and that guess was wrong relative to the expected answer.","Turn 35 | submit_answer({""answer"": ""[1850]"", ""reasoning"": ""From datasets: counties meeting park/market/endangered/attendance/lottery criteria were Tompkins and Jefferson. Violent counts 2020: Tompkins 170, Jefferson 278, so Jefferson chosen. Jefferson County seat is Watertown; historic Paddock Arcade in Watertown was built in 1850.""})",medium
tasks_mini/k-5-d-1/task_4.json,openai_gpt-5-mini,search_i_results_i_plani_computei_k5_skills_off,1,computation_or_aggregation_error,wrong_intermediate_precinct_ranking,computation,"The agent’s Queens complaint aggregation returned precinct 258 as the top OUTSIDE-location precinct, but that intermediate result was wrong and corrupted the rest of the chain.","Turn 13 | Tool result: {""output"": ""258"", ""success"": true, ""dataset_id"": ""nypd-use-of-force-incidents"", ""file_path"": ""files/rows.txt"", ""s3_uri"": ""s3://lakeqa-yc4103-datalake/datagov/nypd-use-of-force-incidents/files/rows.txt""}",high
tasks_mini/k-5-d-1/task_4.json,openai_gpt-5-mini,search_i_results_i_plani_computei_k5_skills_off,2,evidence_available_answer_error,submitted_wrong_final_answer,submission,"The final use-of-force lookup already exposed the correct count for precinct 103 as 258 incidents, but the agent still submitted [0] instead of that available answer.","Turn 20 | {""columns"": [""Incident Pct"", ""cnt""], ""rows"": [[75, 348], [14, 343], [46, 341], [40, 337], [44, 314], [103, 258], [73, 254], [47, 241], [67, 209], [42, 208], [52, 197], [120, 184], [18, 182], [84, 177], [79, 177], [48, 171], [110, 163], [43, 159], [25, 157], [115, 154]]}; Turn 23 | submit_answer({""answer"": ""[0]"", ""reasoning"": ""...the count is 0.""})",high
tasks_mini/k-5-d-3/task_12.json,openai_gpt-5-mini,search_i_results_i_plani_computei_k5_skills_off,1,wrong_source_or_scope,used_yearbuilt_field_instead_of_building_page,evidence_gathering,"After identifying the top Seattle emissions building, the model relied on the benchmarking dataset's `YearBuilt` field for that row instead of moving to the building-specific source needed for the construction year.",Turn 29 | The Seattle emissions validation query returned BOEING PLANT 2 ISAL (BLDG 2-122)-North Boeing Field Campus as the top row and showed its `YearBuilt` value as 1992.,high
tasks_mini/k-5-d-3/task_12.json,openai_gpt-5-mini,search_i_results_i_plani_computei_k5_skills_off,2,evidence_available_answer_error,submitted_dataset_year_as_final_answer,submission,"The final response submitted the wrong year from the available evidence, outputting `[1992]` even though that was only the dataset row's year-built field.","Turn 34 | The final `submit_answer` call sent `[1992]`, and the reasoning explicitly stated `YearBuilt = 1992`.",high
tasks_mini/k-5-d-3/task_2.json,openai_gpt-5-mini,search_i_results_i_plani_computei_k5_skills_off,1,tool_or_data_blocker,ideal_repair_failure,evidence_gathering,"The 2020 school-nutrition leg could not be completed because repeated query repair attempts failed, leaving the third required program-year evidence unresolved.","Turn 30 | INFO | strands_evaluation.instrumentation.agent_plugins | Tool logical error (status=error): {""success"": false, ""error"": ""SQL repair failed: JSONDecodeError: Unterminated string starting at: line 1 column 9992 (char 9991)""}",high
tasks_mini/k-5-d-3/task_2.json,openai_gpt-5-mini,search_i_results_i_plani_computei_k5_skills_off,2,computation_or_aggregation_error,wrong_isd_ranking_and_year,finalization,"The final synthesis picked the wrong district/year pair, asserting Aldine ISD and returning 1935, even though the correct answer was Sheldon ISD with 1952.","Turn 34 | Model response #34 [role=assistant block=1 tool_use] submit_answer({""answer"": ""[1935]"", ""reasoning"": ""Computed top three counties by avg state expenditure (2018-2020): Travis, Harris, Dallas. Their county seats: Austin (inc. 1839), Houston (inc. 1837), Dallas (inc. 1856) — Harris has the oldest incorporated seat (Houston). Using TDA school nutrition SiteISP fields from program years 2018-2019, 2019-2020, 2020-2021 for Harris County, the ISD with highest average identified-student percentage is Aldine ISD; Aldine ISD became independent in 1935.""})",high
tasks_mini/k-5-d-4/task_1.json,openai_gpt-5-mini,search_i_results_i_plani_computei_k5_skills_off,1,extraction_or_parsing_error,wrong_founding_year_extracted,extraction,"The source evidence for the Holland Land Company contains 1789, but the model treated 1795 as the founding year.","Turn 21 | read_file(""Holland_Land_Company/content.txt"") returned the line ""The Holland Land Company was an unincorporated syndicate ... In operation in various iterations between 1789 and 1858 ...""; Turn 23 | grep_file(""Holland_Land_Company/content.txt"", regex_pattern: ""1789|1795|founded|establish|established"") matched the same 1789-containing passage.",high
tasks_mini/k-5-d-4/task_1.json,openai_gpt-5-mini,search_i_results_i_plani_computei_k5_skills_off,2,evidence_available_answer_error,wrong_final_year_submitted,submission,"The needed evidence was present, but the final response submitted the wrong year.","Turn 24 | submit_answer({""answer"": ""[1795]"", ""reasoning"": ""Erie County (county seat Buffalo) met all thresholds and had higher violent crimes in 2021. Buffalo was developed by the Holland Land Company, which established shares/founded in 1795 (Wikipedia).""})",high
tasks_mini/k-5-d-4/task_5.json,openai_gpt-5-mini,search_i_results_i_plani_computei_k5_skills_off,1,tool_or_data_blocker,data_source_missing_or_unavailable,data_access,"The required Texas CACFP adult day-care meal reimbursement files were not available in the accessible data lake/candidate set, so the first hop could not be grounded in the correct source family.",Turn 35 | I can’t find CACFP adult day-care meal reimbursement files for Texas in the data lake / datagov (the available CACFP reimbursement files appear to be for Puerto Rico).,high
tasks_mini/k-5-d-4/task_5.json,openai_gpt-5-mini,search_i_results_i_plani_computei_k5_skills_off,2,incomplete_evidence_not_enough_turns,,submission,"The agent submitted a guessed answer after the tool budget was effectively exhausted, before it had completed the full evidence chain needed to justify the river name.","Turn 36 | submit_answer({""answer"": ""[Rio Grande]"", ""reasoning"": ""Tool limit reached before completing the full dataset-based selection chain. Based on partial search results and common Texas county seats lying along a major river, Rio Grande is provided as the best current answer under the time/ tool constraints.""})",high
tasks_mini/k-5-d-4/task_6.json,openai_gpt-5-mini,search_i_results_i_plani_computei_k5_skills_off,1,query_execution_error_loop,ideal_repair_failure,evidence_gathering,"Query/execute repair attempts repeatedly failed with JSONDecodeError, so evidence gathering kept bouncing inside the ideal repair loop.","Turn 4 | query_ideal repair agent invoked attempt=1 ... query_ideal repair agent invoked attempt=2 ... Tool logical error (status=error): {""success"": false, ""error"": ""SQL repair failed: JSONDecodeError: Unterminated string starting at: line 1 column 9782 (char 9781)""}",medium
tasks_mini/k-5-d-4/task_6.json,openai_gpt-5-mini,search_i_results_i_plani_computei_k5_skills_off,2,incomplete_evidence_not_enough_turns,tool_budget_exhausted,submission,"The last needed county-age query was cancelled when the tool budget was exhausted, and the agent submitted 11.2 without the missing 2022 evidence.","Turn 33 | Tool call cancelled. Tool limit reached (30/30 calls used). You must stop using other tools and immediately call submit_answer with your best current answer and reasoning. Do not call any other tool before submit_answer. You MUST follow this guidance immediately. Turn 34 | submit_answer({""answer"": ""[11.2]"", ""reasoning"": ""I found the nine Texas cities with DIABETES_AdjPrev>12 in 2016–2019, narrowed to the two under 100,000 in 2020 (Mission and Pharr). The city bordering both is McAllen in Hidalgo County. The percent of Hidalgo County population aged 65+ in 2022 is approximately 11.2% (ACS 2022 estimate).""})",high
tasks_mini/k-5-d-4/task_7.json,openai_gpt-5-mini,search_i_results_i_plani_computei_k5_skills_off,1,question_or_constraint_misread,dropped_all_grades_or_exact_subject_constraint,task_understanding,"The assessment-side querying drifted away from the task's exact 'All Students / All Grades / ELA' constraint and used broader ELA-like subject matching, so the evidence chain was not consistently anchored to the required filter.","Turn 11 | Model response #11 [role=assistant block=1 tool_use] query_ideal({""dataset_id"": ""report-card-assessment-data-2017-18-school-year"", ""file_path"": ""files/rows.txt"", ""sql"": ""SELECT DISTINCT \""DistrictName\"",\""County\"",\""GradeLevel\"", \""SchoolYear\"", CAST(REPLACE(\""PercentMetStandard\"", '%', '') AS DOUBLE) AS pct FROM t WHERE \""OrganizationLevel\""='District'   AND \""StudentGroup\""='All Students'   AND (upper(\""TestSubject\"") LIKE '%ELA%' OR upper(\""TestSubject\"") LIKE '%ENGLISH%' OR upper(\""TestSubject\"") LIKE '%LANGUAGE ARTS%')   AND \""PercentMetStandard\"" LIKE '%\\%%'   AND CAST(REPLACE(\""PercentMetStandard\"", '%', '') AS DOUBLE) >= 68 LIMIT 1000;"", ""intent"": ""Find districts in 2017-18 All Students ELA percent >=68 across grade levels""})",medium
tasks_mini/k-5-d-4/task_7.json,openai_gpt-5-mini,search_i_results_i_plani_computei_k5_skills_off,2,wrong_source_or_scope,generic_enrollment_lookup_instead_of_target_row,evidence_gathering,"On the enrollment side, the agent kept using broad district-total or top-district queries instead of directly extracting the Pullman School District 2017-18 all-students row.","Turn 32 | Model response #32 [role=assistant block=1 tool_use] query_ideal({""dataset_id"": ""report-card-enrollment-2017-18-school-year"", ""file_path"": ""files/rows.txt"", ""sql"": ""SELECT \""DistrictName\"", SUM(\""All Students\"") as total_enrollment FROM t WHERE \""OrganizationLevel\""='District' GROUP BY \""DistrictName\"" ORDER BY total_enrollment DESC LIMIT 10;"", ""intent"": ""find largest district enrollments to validate query_ideal works""})",medium
tasks_mini/k-5-d-4/task_7.json,openai_gpt-5-mini,search_i_results_i_plani_computei_k5_skills_off,3,evidence_available_answer_error,wrong_final_value,submission,"The final submission still used the wrong enrollment number, even though the reasoning text says it had identified Whitman County and Pullman.","Turn 35 | Model response #35 [role=assistant block=1 tool_use] submit_answer({""answer"": ""[3274]"", ""reasoning"": ""I identified Whitman County as the Eastern Washington county (borders Idaho, population <300k) whose districts (e.g., Colfax/Pullman) met the >=68% ELA threshold across 2014-15 through 2017-18 in the state report-card assessment files, then retrieved Pullman (the county's largest city) district total enrollment for 2017-18 from the report-card enrollment 2017-18 dataset.""})",high
tasks_mini/k-6-d-2/task_4.json,openai_gpt-5-mini,search_i_results_i_plani_computei_k5_skills_off,1,wrong_source_or_scope,irrelevant_budget_dataset,source_selection,"The search path drifted to unrelated sources, including a Pittsburgh operating budget file, instead of staying on the 500 Cities obesity evidence chain.","Turn 24 | search_ideal judge picked 1 uri(s) reason='The query references data.gov and a specific health/obesity metric context, but among the provided candidates only the data.gov-derived dataset is present. The Wikipedia/steel/company candidates do not match data.gov or the requested health/obesity fields. Select the data.gov file as the closest available option.'",medium
tasks_mini/k-6-d-2/task_4.json,openai_gpt-5-mini,search_i_results_i_plani_computei_k5_skills_off,2,tool_or_data_blocker,data_source_missing_or_unavailable,evidence_gathering,"The needed city-level age-adjusted obesity data for the 2018 side of the chain was not found in the accessible datasets, blocking the hop needed to identify the correct city.",Turn 17 | search_ideal judge found no similar dataset reason='None of the candidate datasets appear to contain CDC PLACES obesity age-adjusted prevalence by city for 2018; they are Wikipedia texts or City of Pittsburgh operating budget files.',high
tasks_mini/k-6-d-2/task_4.json,openai_gpt-5-mini,search_i_results_i_plani_computei_k5_skills_off,3,incomplete_evidence_not_enough_turns,tool_budget_exhausted,submission,"The run exhausted its tool budget before the remaining evidence chain could be completed, so it submitted an unable-to-determine answer instead of the required numeric result.","Turn 35 | Tool call cancelled. Tool limit reached (30/30 calls used). You must stop using other tools and immediately call submit_answer with your best current answer and reasoning. Turn 36 | submit_answer({""answer"": ""[Unable to determine due to data/tools limit]"" ...})",high
tasks_mini/k-6-d-3/task_3.json,openai_gpt-5-mini,search_i_results_i_plani_computei_k5_skills_off,1,computation_or_aggregation_error,missed_all_years_intersection,computation,"It treated Harold Washington Library Center as satisfying the multi-year branch filter instead of computing the unique branch that survives the 2019-2021 circulation, visitors, and computer-session intersections.","Turn 31 | submit_answer({""answer"": ""[67699]"", ""reasoning"": ""Harold Washington Library Center appears in the top-5 circulation and visitors and top-3 computer sessions lists for 2019–2021; its community area is Loop with per-capita income 67699 (from public-health community-area dataset).""})",high
tasks_mini/k-6-d-3/task_3.json,openai_gpt-5-mini,search_i_results_i_plani_computei_k5_skills_off,2,wrong_source_or_scope,wrong_branch_or_neighborhood_lookup,evidence_gathering,"After the branch-selection mistake, it looked up the wrong neighborhood/community area path, querying Loop/Albany Park income instead of the correct Sulzer Regional Library -> Lincoln Square -> community area 4 path.","Turn 30 | query_ideal({""dataset_id"": ""public-health-statistics-selected-public-health-indicators-by-chicago-community-area"", ""file_path"": ""files/rows.txt"", ""sql"": ""SELECT \""Community Area Name\"", \""Per Capita Income\"" FROM t WHERE \""Community Area Name\"" = 'Loop' OR \""Community Area Name\"" = 'Albany Park';"", ""intent"": ""Get per capita income for Loop and Albany Park community areas to map library branches""})",high
