task_id,log_error_bucket,estimated_wasted_turns,turn_waste_global_group,turn_waste_global_subtype,turn_waste_summary,turn_repeated_behavior,turn_progress_stop_point,wasted_turn_ranges,productive_turn_ranges,turn_budget_failure_reason,turn_waste_evidence,turn_waste_global_group_reason,turn_waste_global_subtype_reason,turn_waste_validation_status,turn_waste_validation_notes,turn_waste_log_max_turn,turn_waste_model_validation_status,turn_waste_model_validation_notes,turn_waste_local_group,turn_waste_local_group_reason
tasks_mini/k-4-d-4/task_5.json,error_turns_exhausted,14,Redundant same-hop budget drain,Solved-hop schema rechecks,"The run planned the full chain and established the spending-agency hop, but kept returning to 2007 state-expenditure schema/sample queries instead of moving on to MoDOT, Route 66, and health-data hops.",Repeated query_ideal calls against 2007-state-expenditures to inspect or confirm columns after the needed TRANSPORTATION result was already available.,"Stopped after confirming TRANSPORTATION for the spending hop; later hops for Southwest district city, highway termini, and binge drinking prevalence were not verified before timeout.",3-8; 11; 13-15; 19-22,1-2; 9-10; 12; 16-18,"The agent spent many late turns re-probing expenditure columns and duplicate rankings, including after stagnation warnings, leaving no budget to verify downstream city/highway/health steps.",Turn 2 | 2026-05-15 07:02:41 | DEBUG | strands_evaluation.instrumentation.agent_plugins | Model response #2 [stop_reason=tool_use]; Turn 4 | 2026-05-15 07:04:17 | DEBUG | strands_evaluation.instrumentation.agent_plugins | Model response #4 [stop_reason=tool_use]; Turn 8 | 2026-05-15 07:05:11 | DEBUG | strands_evaluation.instrumentation.agent_plugins | Model response #8 [stop_reason=tool_use]; Turn 10 | 2026-05-15 07:06:30 | DEBUG | strands_evaluation.instrumentation.agent_plugins | Model response #10 [stop_reason=tool_use]; Turn 11 | 2026-05-15 07:06:55 | DEBUG | strands_evaluation.instrumentation.agent_plugins | Model response #11 [stop_reason=tool_use]; Turn 15 | 2026-05-15 07:09:36 | DEBUG | strands_evaluation.instrumentation.agent_plugins | Model response #15 [stop_reason=tool_use]; Turn 19 | 2026-05-15 07:11:29 | DEBUG | strands_evaluation.instrumentation.agent_plugins | Model response #19 [stop_reason=tool_use]; Turn 21 | 2026-05-15 07:12:23 | DEBUG | strands_evaluation.instrumentation.agent_plugins | Model response #21 [stop_reason=tool_use]; Turn 22 | 2026-05-15 07:13:01 | DEBUG | strands_evaluation.instrumentation.agent_plugins | Model response #22 [stop_reason=tool_use]; Turn 23 | 2026-05-15 07:13:03 | DEBUG | strands_evaluation.instrumentation.agent_plugins | Model response #23 [stop_reason=tool_use],"After the spending-agency hop was established, the run kept re-probing expenditure schema and rankings.","The later MoDOT, Route 66, and health-data hops were left unverified.",valid,,24,pass,Accepted after row-audit subagent output and deterministic evidence normalization.,Budget exhausted after repeated same-hop work,"The run spent late turns repeating, repairing, or re-querying one hop until timeout/tool budget stopped it."
tasks_mini/k-5-d-3/task_8.json,error_unknown,12,Redundant same-hop budget drain,Duplicate confirmation queries,"The run found the recurring top ordinance departments and enough salary totals to identify Chicago Police Department as higher than Department of Finance, but kept re-querying ordinance and salary data until the tool limit forced submission.","Repeated near-duplicate query_ideal calls for already-known top-five ordinance departments and CPD/Department of Finance salary totals, including retries after stagnation cancellations.","Stopped after confirming salary dominance for Chicago Police Department, before converting O. W. Wilson's education to the requested university-only answer.",16-27,1-8; 12-15,The remaining budget was spent on redundant ordinance confirmations and duplicate salary-total queries after the useful salary rows were already available.,"Turn 8 | 2026-05-15 07:43:04 | DEBUG | strands_evaluation.instrumentation.agent_plugins | Model response #8 [stop_reason=tool_use]; Turn 12 | 2026-05-15 07:44:24 | DEBUG | strands_evaluation.instrumentation.agent_plugins | Model response #12 [stop_reason=tool_use]; Turn 16 | 2026-05-15 07:45:51 | DEBUG | strands_evaluation.instrumentation.agent_plugins | Model response #16 [stop_reason=tool_use]; Turn 17 | 2026-05-15 07:45:52 | DEBUG | strands_evaluation.instrumentation.agent_plugins | Model response #17 [role=assistant block=1 tool_use] query_ideal({""dataset_id"": ""budget-2020-budget-ordinance-appropriations"", ""file_path"":; Turn 20 | 2026-05-15 07:46:54 | DEBUG | strands_evaluation.instrumentation.agent_plugins | Model response #20 [role=assistant block=1 tool_use] query_ideal({""dataset_id"": ""budget-2019-budget-ordinance-appropriations"", ""file_path"":; Turn 22 | 2026-05-15 07:47:39 | DEBUG | strands_evaluation.instrumentation.agent_plugins | Model response #22 [role=assistant block=1 tool_use] query_ideal({""dataset_id"": ""budget-2019-budget-recommendations-positions-and-salaries""; Turn 23 | 2026-05-15 07:47:57 | DEBUG | strands_evaluation.instrumentation.agent_plugins | Model response #23 [stop_reason=tool_use]; Turn 25 | 2026-05-15 07:48:19 | DEBUG | strands_evaluation.instrumentation.agent_plugins | Model response #25 [role=assistant block=1 tool_use] query_ideal({""dataset_id"": ""budget-2020-budget-recommendations-positions-and-salaries""; Turn 26 | 2026-05-15 07:48:42 | DEBUG | strands_evaluation.instrumentation.agent_plugins | Model response #26 [stop_reason=tool_use]; Turn 27 | 2026-05-15 07:49:02 | DEBUG | strands_evaluation.instrumentation.agent_plugins | Model response #27 [stop_reason=tool_use]; Turn 28 | 2026-05-15 07:49:04 | DEBUG | strands_evaluation.instrumentation.agent_plugins | Model response #28 [role=assistant block=1 tool_use] submit_answer({""answer"": ""[O. W. Wilson]"", ""reasoning"": ""Top 5 ordinance appropriation",Known ordinance and salary results were re-queried until the tool limit forced submission.,The final university-only answer conversion never happened.,valid,,29,pass,Accepted after row-audit subagent output and deterministic evidence normalization.,Budget exhausted after repeated same-hop work,"The run spent late turns repeating, repairing, or re-querying one hop until timeout/tool budget stopped it."
tasks_mini/k-5-d-4/task_3.json,error_unknown,12,Redundant same-hop budget drain,Downstream lookup skipped,"Found Springfield/Route 66 and established Fire as the second-highest overtime department, but never performed the founding-year lookup and submitted a guessed 1907 after tool limit.","Repeated query_ideal probes against 500-Cities year/city/schema filters after empty results, plus low-yield overtime reconfirmations after Fire was already visible.",By Turn 20 the overtime rankings for 2014-2017 all showed Fire second; the remaining needed step was the Chicago Fire Department founding year.,21-26; 27-32,1-3; 11-12; 14; 16-20,"The run spent its remaining calls rechecking overtime and probing empty 2018 500-Cities queries instead of moving to the founding-year source, then hit the tool limit.",Turn 3 | 2026-05-15 07:50:39 | DEBUG | strands_evaluation.instrumentation.agent_plugins | Model response #3 [stop_reason=tool_use]; Turn 16 | 2026-05-15 07:54:42 | DEBUG | strands_evaluation.instrumentation.agent_plugins | Model response #16 [stop_reason=tool_use]; Turn 20 | 2026-05-15 07:55:41 | DEBUG | strands_evaluation.instrumentation.agent_plugins | Model response #20 [stop_reason=tool_use]; Turn 22 | 2026-05-15 07:56:02 | DEBUG | strands_evaluation.instrumentation.agent_plugins | Model response #22 [stop_reason=tool_use]; Turn 27 | 2026-05-15 07:57:29 | DEBUG | strands_evaluation.instrumentation.agent_plugins | Model response #27 [stop_reason=tool_use]; Turn 29 | 2026-05-15 07:58:18 | DEBUG | strands_evaluation.instrumentation.agent_plugins | Model response #29 [stop_reason=tool_use]; Turn 31 | 2026-05-15 07:59:05 | DEBUG | strands_evaluation.instrumentation.agent_plugins | Model response #31 [stop_reason=tool_use]; Turn 32 | 2026-05-15 07:59:06 | DEBUG | strands_evaluation.instrumentation.agent_plugins | Model response #32 [stop_reason=tool_use]; Turn 33 | 2026-05-15 07:59:08 | DEBUG | strands_evaluation.instrumentation.agent_plugins | Model response #33 [stop_reason=tool_use],The run rechecked overtime and empty health queries instead of moving to the founding-year source.,The remaining needed step was the Chicago Fire Department founding year.,valid,,34,pass,Accepted after row-audit subagent output and deterministic evidence normalization.,Budget exhausted after repeated same-hop work,"The run spent late turns repeating, repairing, or re-querying one hop until timeout/tool budget stopped it."
tasks_mini/k-6-d-3/task_3.json,error_unknown,12,Redundant same-hop budget drain,Ranking recomputation until limit,"Planned the multi-hop library ranking task, computed several circulation/visitor/session rankings, then submitted a wrong income after a tool-limit cancellation.","Repeated query_ideal calls over already-queried circulation and visitor datasets with small filter, limit, or common-set variations.",Stopped on a repeated 2021 visitors query for the common circulation set after the tool limit was reached.,10-18; 22; 24-25,1-9; 19-21; 23,Duplicate query_ideal and repair cycles on library ranking datasets consumed the budget; the last 2021 visitors retry was cancelled and forced an immediate submit.,Turn 4 | 2026-05-15 08:09:17 | DEBUG | strands_evaluation.instrumentation.agent_plugins | Model response #4 [stop_reason=tool_use]; Turn 8 | 2026-05-15 08:10:39 | DEBUG | strands_evaluation.instrumentation.agent_plugins | Model response #8 [stop_reason=tool_use]; Turn 10 | 2026-05-15 08:11:04 | DEBUG | strands_evaluation.instrumentation.agent_plugins | Model response #10 [stop_reason=tool_use]; Turn 11 | 2026-05-15 08:11:05 | DEBUG | strands_evaluation.instrumentation.agent_plugins | Model response #11 [stop_reason=tool_use]; Turn 22 | 2026-05-15 08:14:08 | DEBUG | strands_evaluation.instrumentation.agent_plugins | Model response #22 [stop_reason=tool_use]; Turn 24 | 2026-05-15 08:14:55 | DEBUG | strands_evaluation.instrumentation.agent_plugins | Model response #24 [stop_reason=tool_use]; Turn 25 | 2026-05-15 08:14:59 | DEBUG | strands_evaluation.instrumentation.agent_plugins | Model response #25 [stop_reason=tool_use]; Turn 26 | 2026-05-15 08:15:00 | DEBUG | strands_evaluation.instrumentation.agent_plugins | Model response #26 [stop_reason=tool_use],Duplicate circulation and visitor ranking queries consumed the budget before the final answer was resolved.,The last repeated visitors query was cancelled at the tool limit.,valid,,27,pass,Accepted after row-audit subagent output and deterministic evidence normalization.,Budget exhausted after repeated same-hop work,"The run spent late turns repeating, repairing, or re-querying one hop until timeout/tool budget stopped it."
tasks_mini/k-5-d-3/task_7.json,error_unknown,11,Redundant same-hop budget drain,Duplicate large-dataset counts,"Planned the multi-hop task, inspected the January moving-violations GeoJSON files, gathered count results, but never moved on to the Wikipedia hops before submitting after timeout.","Kept calling query_ideal for moving-violation counts, including duplicate 2019 and 2021 single-agency counts after grouped counts were already available.","By turn 11 it had the 2019 grouped counts, 2021 grouped counts, and complete 2020 counts; turns 12-19 re-counted already-covered agencies until timeout.",6-8; 12-19,1-5; 9-11,The run spent the remaining budget repeatedly querying large moving-violations datasets instead of using the counts it already had and moving to the downstream agency/department/person/university hops.,Turn 4 | 2026-05-15 07:41:30 | DEBUG | strands_evaluation.instrumentation.agent_plugins | Model response #4 [stop_reason=tool_use]; Turn 5 | 2026-05-15 07:41:59 | DEBUG | strands_evaluation.instrumentation.agent_plugins | Model response #5 [stop_reason=tool_use]; Turn 6 | 2026-05-15 07:43:37 | DEBUG | strands_evaluation.instrumentation.agent_plugins | Model response #6 [stop_reason=tool_use]; Turn 8 | 2026-05-15 07:45:34 | DEBUG | strands_evaluation.instrumentation.agent_plugins | Model response #8 [stop_reason=tool_use]; Turn 11 | 2026-05-15 07:47:09 | DEBUG | strands_evaluation.instrumentation.agent_plugins | Model response #11 [stop_reason=tool_use]; Turn 12 | 2026-05-15 07:47:14 | DEBUG | strands_evaluation.instrumentation.agent_plugins | Model response #12 [stop_reason=tool_use]; Turn 15 | 2026-05-15 07:49:09 | DEBUG | strands_evaluation.instrumentation.agent_plugins | Model response #15 [stop_reason=tool_use]; Turn 18 | 2026-05-15 07:50:15 | DEBUG | strands_evaluation.instrumentation.agent_plugins | Model response #18 [stop_reason=tool_use]; Turn 19 | 2026-05-15 07:50:17 | WARNING | strands_evaluation.instrumentation.agent_plugins | Hard-stopping after second limit trigger: Timeout reached (603.6s elapsed).; Turn 19 | 2026-05-15 07:50:17 | DEBUG | strands_evaluation.instrumentation.agent_plugins | Model response #19 [stop_reason=tool_use]; Turn 20 | 2026-05-15 07:50:18 | DEBUG | strands_evaluation.instrumentation.agent_plugins | Model response #20 [stop_reason=tool_use],The run repeatedly recounted moving-violation agencies after grouped counts were already available.,"The Wikipedia agency, department, person, and university hops were skipped.",valid,,21,pass,Accepted after row-audit subagent output and deterministic evidence normalization.,Budget exhausted after repeated same-hop work,"The run spent late turns repeating, repairing, or re-querying one hop until timeout/tool budget stopped it."
tasks_mini/k-5-d-3/task_12.json,error_unknown,6,Redundant same-hop budget drain,First-hop recomputation,"The run found the top community-college contract averages, then kept retrying the same top-3 computation and submitted an incomplete guessed answer before resolving counties, county seat, emissions, or build year.","Repeated query_ideal calls for the already-known top-3 average-contract step after SQL repair failures, without moving to downstream county or emissions lookups.","Stopped after the first hop: top 3 community colleges by average contract count were available, but downstream county/population/emissions/build-year steps were not executed.",7-12,1-6,"The run spent the remaining tail retrying variants of the same average-contract query after the top result was already visible, then submitted without performing the later hops.","Turn 6 | 2026-05-15 07:30:39 | DEBUG | strands_evaluation.instrumentation.agent_plugins | Model response #6 [stop_reason=tool_use]; Turn 7 | 2026-05-15 07:31:02 | DEBUG | strands_evaluation.instrumentation.agent_plugins | Model response #7 [stop_reason=tool_use]; Turn 7 | 2026-05-15 07:31:07 | WARNING | strands_evaluation.instrumentation.agent_plugins | Tool logical error (status=error): {""success"": false, ""error"": ""SQL repair failed: JSONDecodeError: Unterminated string starting at: line; Turn 8 | 2026-05-15 07:31:12 | DEBUG | strands_evaluation.instrumentation.agent_plugins | Model response #8 [stop_reason=tool_use]; Turn 8 | 2026-05-15 07:31:15 | WARNING | strands_evaluation.instrumentation.agent_plugins | Tool logical error (status=error): {""success"": false, ""error"": ""SQL repair failed: JSONDecodeError: Unterminated string starting at: line; Turn 9 | 2026-05-15 07:31:19 | DEBUG | strands_evaluation.instrumentation.agent_plugins | Model response #9 [stop_reason=tool_use]; Turn 10 | 2026-05-15 07:31:23 | DEBUG | strands_evaluation.instrumentation.agent_plugins | Model response #10 [stop_reason=tool_use]; Turn 11 | 2026-05-15 07:31:29 | DEBUG | strands_evaluation.instrumentation.agent_plugins | Model response #11 [stop_reason=tool_use]; Turn 12 | 2026-05-15 07:31:33 | DEBUG | strands_evaluation.instrumentation.agent_plugins | Model response #12 [stop_reason=tool_use]",The already-known top-three contract step was retried instead of moving to county and emissions hops.,Top community-college results were visible before the repeated tail.,valid,,13,pass,Accepted after row-audit subagent output and deterministic evidence normalization.,Ideal repair/status-error loops,The run repeatedly hit query_ideal/execute_ideal repair or status-error paths and did not recover cleanly.
tasks_mini/k-5-d-4/task_2.json,error_unknown,5,Redundant same-hop budget drain,Unsupported recomputation of known outputs,"The run planned the full chain and retrieved the four per-year Missouri expenditure rankings, then stalled on combining those results into the first-hop FY2007-FY2010 average ranking.","After useful per-year totals were available, it kept trying empty, no-op, or unsupported cross-file recomputation attempts for the same ranking.",Stopped at the first hop: combining FY2007-FY2010 agency totals into the 4-year average ranking.,3-7,1-2,"The agent had enough per-year top-ranking outputs by Turn 2 to derive the first-hop agency, but spent Turns 3-7 trying unsupported recomputation paths and then submitted unknown.","Turn 2 | 2026-05-15 07:50:37 | DEBUG | strands_evaluation.instrumentation.agent_plugins | Model response #2 [stop_reason=tool_use]; Turn 3 | 2026-05-15 07:52:01 | DEBUG | strands_evaluation.instrumentation.agent_plugins | Model response #3 [role=assistant block=1 tool_use] query_ideal({""dataset_id"": ""2007-state-expenditures"", ""file_path"": ""files/rows.txt"", ""i; Turn 4 | 2026-05-15 07:52:27 | DEBUG | strands_evaluation.instrumentation.agent_plugins | Model response #4 [role=assistant block=1 tool_use] execute_ideal({""code"": ""import pandas as pd\n# Manually re-create from previous tool ou; Turn 5 | 2026-05-15 07:53:19 | DEBUG | strands_evaluation.instrumentation.agent_plugins | Model response #5 [stop_reason=tool_use]; Turn 6 | 2026-05-15 07:53:23 | DEBUG | strands_evaluation.instrumentation.agent_plugins | Model response #6 [stop_reason=tool_use]; Turn 7 | 2026-05-15 07:54:26 | DEBUG | strands_evaluation.instrumentation.agent_plugins | Model response #7 [stop_reason=tool_use]; Turn 8 | 2026-05-15 07:54:51 | DEBUG | strands_evaluation.instrumentation.agent_plugins | Model response #8 [role=assistant block=1 tool_use] submit_answer({""answer"": ""[UNKNOWN]"", ""reasoning"": ""Could not complete due to tooling i","Per-year expenditure rankings were available, but the run spent turns on unsupported recomputation paths for the same first hop.",The missing step was combining already-retrieved yearly totals.,valid,,9,pass,Accepted after row-audit subagent output and deterministic evidence normalization.,Sandbox or source-access failures followed by fallback,"The visible tail was dominated by file, sandbox, parsing, or source-access failures before a fallback answer."
tasks_mini/k-3-d-4/task_1.json,error_turns_exhausted,4,Redundant same-hop budget drain,First-hop recomputation,"The agent planned the full chain and gathered ward crime counts, but stayed on the first-hop ward-count computation and never reached the neighborhood, Maryland county, or income-rank hops.",Repeated query_ideal calls for normalized ward crime counts after annual ward counts and Ward 3 evidence were already available.,Stopped after repeatedly recomputing 2018/2019 ward counts; no log evidence of moving to Ward 3 neighborhoods or Montgomery County lookup.,6-9,1-5,"The run spent the tail retrying and repairing ward-count SQL, including OOM/timeout failures, instead of using known counts to continue the remaining hops.",Turn 3 | 2026-05-15 06:04:42 | DEBUG | strands_evaluation.instrumentation.agent_plugins | Model response #3 [stop_reason=tool_use]; Turn 4 | 2026-05-15 06:06:24 | DEBUG | strands_evaluation.instrumentation.agent_plugins | Model response #4 [stop_reason=tool_use]; Turn 6 | 2026-05-15 06:07:20 | DEBUG | strands_evaluation.instrumentation.agent_plugins | Model response #6 [stop_reason=tool_use]; Turn 7 | 2026-05-15 06:13:36 | DEBUG | strands_evaluation.instrumentation.agent_plugins | Model response #7 [stop_reason=tool_use]; Turn 8 | 2026-05-15 06:14:00 | DEBUG | strands_evaluation.instrumentation.agent_plugins | Model response #8 [stop_reason=tool_use]; Turn 9 | 2026-05-15 06:14:24 | DEBUG | strands_evaluation.instrumentation.agent_plugins | Model response #9 [stop_reason=tool_use]; Turn 10 | 2026-05-15 06:15:04 | WARNING | strands_evaluation.helper.agent_runtime | Hard timeout reached (600s timeout + 30s submit grace exhausted). Cancelling agent invocation.,"The run kept recomputing ward counts instead of moving to neighborhood, county, and income hops.",Ward-count evidence was available before the repeated tail work.,valid,,10,pass,Accepted after row-audit subagent output and deterministic evidence normalization.,Budget exhausted after repeated same-hop work,"The run spent late turns repeating, repairing, or re-querying one hop until timeout/tool budget stopped it."
tasks_mini/k-6-d-2/task_4.json,error_unknown,4,Redundant same-hop budget drain,Final synthesis miss,"Solved the obesity-city and entity chain, obtained both Pittsburgh Police Bureau expenditure totals, then submitted an incomplete placeholder instead of averaging them.","After already receiving 2017 and 2018 totals, it inspected the same budget schema/values and re-ran near-duplicate Police Bureau sum queries.",Last clear needed data arrived by turn 11 with 2017 and 2018 totals; the agent never computed and rounded their average before submission.,12-15,3-11,No visible budget exhaustion; the run failed because late turns repeated/confirmed already available budget data and then submitted an incomplete placeholder.,"Turn 10 | Tool result: {""dataset_id"": ""2011-2023-city-of-pittsburgh-operating-budget"", ""file_path"": ""files/2017-operating.txt"", ""s3_uri"": ""s3://lakeqa-yc4103-datalake/datagov/2011-2023-city-of-pittsburgh-operating-budget/files/2017-operating.txt"", ""columns"": [""total""], ""rows"": [[98453962.67999998]]; Turn 11 | Tool result: {""dataset_id"": ""2011-2023-city-of-pittsburgh-operating-budget"", ""file_path"": ""files/2018-operating.txt"", ""s3_uri"": ""s3://lakeqa-yc4103-datalake/datagov/2011-2023-city-of-pittsburgh-operating-budget/files/2018-operating.txt"", ""columns"": [""total""], ""rows"": [[100261931.63999997]]; Turn 12 | Executing: query_ideal({""s3_uri"": ""s3://lakeqa-yc4103-datalake/datagov/2011-2023-city-of-pittsburgh-operating-budget/files/2017-operating.txt"", ""intent"": ""Confirm Police Bureau column names and values; just get top matches for 'Police Bureau'.""; Turn 13 | Executing: query_ideal({""s3_uri"": ""s3://lakeqa-yc4103-datalake/datagov/2011-2023-city-of-pittsburgh-operating-budget/files/2018-operating.txt"", ""intent"": ""Get sum for PS - POLICE BUREAU for 2018 using Department field match.""; Turn 14 | Executing: query_ideal({""s3_uri"": ""s3://lakeqa-yc4103-datalake/datagov/2011-2023-city-of-pittsburgh-operating-budget/files/2017-operating.txt"", ""intent"": ""Get sum for PS - POLICE BUREAU for 2017 using Department field match.""; Turn 15 | Executing: submit_answer({""answer"": ""[993,?]"", ""reasoning"": ""Placeholder""}); Turn 16 | ANSWER: [993,?] (158.3s)","The 2017 and 2018 totals were already available, but the run repeated budget checks instead of averaging them.",Only the arithmetic and rounding remained before placeholder submission.,valid,,16,pass,"Validator subagent passed the repaired row; supported facts include turns 10-11 totals, turns 12-14 repeated budget checks, and turn 15 placeholder submission.",Known-missing-data final submissions,Closest fit: the run had no hard budget stop and ended with an incomplete placeholder submission despite the needed totals being available.
tasks_mini/k-5-d-3/task_10.json,error_tools_limit,3,Redundant same-hop budget drain,Catalog reinspection,"Computed permit and crime ward rankings and reached street-sweeping counts for Ward 2 and Ward 5, but did not complete the charter-school and birthplace hops before submitting [Washington, D.C.].","Repeated execute_ideal attempts against street-sweeping-schedule-2022 that inspected catalog structure, embedded rows, or local CSV availability instead of advancing.",Stopped after street-sweeping ward counts; charter school grade-span and famous-person birthplace were unattempted.,16; 20-21,1-2; 5; 8-14; 17-19,"The run spent final tool calls re-inspecting the street-sweeping catalog after useful ward counts, leaving no budget for the charter school and birthplace steps.",Turn 16 | 2026-05-15 07:33:37 | DEBUG | strands_evaluation.instrumentation.agent_plugins | Model response #16 [stop_reason=tool_use]; Turn 19 | 2026-05-15 07:35:27 | DEBUG | strands_evaluation.instrumentation.agent_plugins | Model response #19 [stop_reason=tool_use]; Turn 20 | 2026-05-15 07:35:32 | DEBUG | strands_evaluation.instrumentation.agent_plugins | Model response #20 [stop_reason=tool_use]; Turn 21 | 2026-05-15 07:36:23 | DEBUG | strands_evaluation.instrumentation.agent_plugins | Model response #21 [stop_reason=tool_use]; Turn 22 | 2026-05-15 07:36:24 | DEBUG | strands_evaluation.instrumentation.agent_plugins | Model response #22 [stop_reason=tool_use],Final tool calls re-inspected street-sweeping material instead of advancing to charter-school and birthplace hops.,Useful street-sweeping ward counts were already available.,valid,,23,pass,Accepted after row-audit subagent output and deterministic evidence normalization.,Budget exhausted after repeated same-hop work,"The run spent late turns repeating, repairing, or re-querying one hop until timeout/tool budget stopped it."
tasks_mini/k-3-d-4/task_4.json,error_unknown,5,Source parsing/access dead ends,XML/KML extraction failure,"The run made progress on private, district-office, and postsecondary counts, but never extracted the public-school count from the XML/KML source and submitted [0].",It kept retrying public-school XML/KML parse/query approaches that returned blank or empty grouped rows.,By Turn 20 it had identified Los Angeles County from postsecondary counts; it still lacked the public-school count needed for the final arithmetic.,9; 12-13; 22-23,1-8; 10; 14-20; 21,No explicit tool or turn budget exhaustion is visible; the failure was a low-yield XML/KML extraction loop followed by a known-incomplete submission.,Turn 3 | 2026-05-15 06:08:03 | DEBUG | strands_evaluation.instrumentation.agent_plugins | Model response #3 [stop_reason=tool_use]; Turn 8 | 2026-05-15 06:09:57 | DEBUG | strands_evaluation.instrumentation.agent_plugins | Model response #8 [stop_reason=tool_use]; Turn 9 | 2026-05-15 06:10:27 | DEBUG | strands_evaluation.instrumentation.agent_plugins | Model response #9 [stop_reason=tool_use]; Turn 12 | 2026-05-15 06:11:00 | DEBUG | strands_evaluation.instrumentation.agent_plugins | Model response #12 [stop_reason=tool_use]; Turn 13 | 2026-05-15 06:11:33 | DEBUG | strands_evaluation.instrumentation.agent_plugins | Model response #13 [stop_reason=tool_use]; Turn 20 | 2026-05-15 06:14:18 | DEBUG | strands_evaluation.instrumentation.agent_plugins | Model response #20 [stop_reason=tool_use]; Turn 21 | 2026-05-15 06:14:40 | DEBUG | strands_evaluation.instrumentation.agent_plugins | Model response #21 [stop_reason=tool_use]; Turn 22 | 2026-05-15 06:15:08 | DEBUG | strands_evaluation.instrumentation.agent_plugins | Model response #22 [stop_reason=tool_use]; Turn 23 | 2026-05-15 06:15:09 | DEBUG | strands_evaluation.instrumentation.agent_plugins | Model response #23 [stop_reason=tool_use]; Turn 24 | 2026-05-15 06:15:38 | DEBUG | strands_evaluation.instrumentation.agent_plugins | Model response #24 [stop_reason=tool_use],The missing public-school count was pursued through repeated blank XML/KML parse attempts.,The repeated public-school attempts returned blank or empty grouped rows.,valid,,25,pass,Accepted after row-audit subagent output and deterministic evidence normalization.,Known-missing-data final submissions,"The run recognized unresolved evidence gaps and submitted null, unknown, placeholder, or otherwise incomplete output."
tasks_mini/k-3-d-4/task_6.json,error_unknown,5,Source parsing/access dead ends,Unsupported XML/KML path,"The run planned the multi-dataset computation, found several top-county results, identified Polk County from postsecondary data, then submitted [0] without computing the needed public-school count.",Repeated attempts to get public-school counts from the XML/KML public-school file through unsupported query_ideal/query_file paths or low-yield unfiltered parse_xml_records calls.,"After Turn 9, Polk County was identified, but the final arithmetic still needed public-school and related counts that the run did not compute.",6-8; 10-11,1-5; 9,No explicit hard budget exhaustion is visible; the run self-terminated after repeated low-yield XML/KML attempts and a cancelled tool call.,"Turn 6 | 2026-05-15 06:13:14 | DEBUG | strands_evaluation.instrumentation.agent_plugins | Model response #6 [role=assistant block=1 tool_use] query_ideal({""s3_uri"": ""datagov/public-school-locations-2018-19-42360/files/data.txt"", ; Turn 7 | 2026-05-15 06:13:51 | DEBUG | strands_evaluation.instrumentation.agent_plugins | Model response #7 [stop_reason=tool_use]; Turn 8 | 2026-05-15 06:14:20 | DEBUG | strands_evaluation.instrumentation.agent_plugins | Model response #8 [stop_reason=tool_use]; Turn 9 | 2026-05-15 06:14:49 | DEBUG | strands_evaluation.instrumentation.agent_plugins | Model response #9 [stop_reason=tool_use]; Turn 10 | 2026-05-15 06:15:11 | DEBUG | strands_evaluation.instrumentation.agent_plugins | Model response #10 [stop_reason=tool_use]; Turn 11 | 2026-05-15 06:15:52 | DEBUG | strands_evaluation.instrumentation.agent_plugins | Model response #11 [stop_reason=tool_use]; Turn 12 | 2026-05-15 06:15:54 | DEBUG | strands_evaluation.instrumentation.agent_plugins | Model response #12 [role=assistant block=1 tool_use] submit_answer({""answer"": ""[0]"", ""reasoning"": ""Intersection counties from top-3: Polk, ",Unsupported query and parsing paths for the XML/KML public-school file consumed the useful tail.,"The run tried query_file, query_ideal, and unfiltered parse paths without extracting the count.",valid,,13,pass,Accepted after row-audit subagent output and deterministic evidence normalization.,Sandbox or source-access failures followed by fallback,"The visible tail was dominated by file, sandbox, parsing, or source-access failures before a fallback answer."
tasks_mini/k-3-d-2/task_11.json,error_unknown,3,Source parsing/access dead ends,Blank-source recovery,"The agent found Big Horn County and Basin, then the Basin text exposed the target sentence with the Fahrenheit value blanked out; it ended by submitting [null].","After locating the blank temperature sentence, it kept trying code/grep recovery against the same Basin content and sandbox files.",Stopped after confirming the Basin page line omitted the record-high number and no Fahrenheit matches were visible.,11-13,1-10,"No explicit tool-budget stop is visible; the run spent its final turns on low-yield extraction attempts after the needed line was already found blank, then submitted a blank answer.","Turn 7 | 2026-05-15 05:46:46 | DEBUG | strands_evaluation.instrumentation.agent_plugins | Model response #7 [stop_reason=tool_use]; Turn 9 | 2026-05-15 05:46:49 | DEBUG | strands_evaluation.instrumentation.agent_plugins | Model response #9 [stop_reason=tool_use]; Turn 10 | 2026-05-15 05:46:50 | DEBUG | strands_evaluation.instrumentation.agent_plugins | Model response #10 [stop_reason=tool_use]; Turn 11 | 2026-05-15 05:46:52 | DEBUG | strands_evaluation.instrumentation.agent_plugins | Model response #11 [stop_reason=tool_use]; Turn 11 | 2026-05-15 05:47:34 | WARNING | strands_evaluation.instrumentation.agent_plugins | Tool logical error (status=error): {""output"": """", ""error"": ""FileNotFoundError: [Errno 2] No such file or directory: '/home/ec2-user/eval_; Turn 12 | 2026-05-15 05:47:37 | DEBUG | strands_evaluation.instrumentation.agent_plugins | Model response #12 [stop_reason=tool_use]; Turn 13 | 2026-05-15 05:48:00 | DEBUG | strands_evaluation.instrumentation.agent_plugins | Model response #13 [stop_reason=tool_use]; Turn 14 | 2026-05-15 05:48:01 | DEBUG | strands_evaluation.instrumentation.agent_plugins | Model response #14 [stop_reason=tool_use]","After finding the Basin sentence, the run kept trying to recover a blank Fahrenheit value from source and files.",The needed record-high number was absent from the visible source line.,valid,,15,pass,Accepted after row-audit subagent output and deterministic evidence normalization.,Sandbox or source-access failures followed by fallback,"The visible tail was dominated by file, sandbox, parsing, or source-access failures before a fallback answer."
tasks_mini/k-4-d-2/task_8.json,error_unknown,3,Source parsing/access dead ends,Large-file access fallback,"Planned the multi-dataset chain and inspected the needed schemas, but only attempted the first crime-data aggregation before submitting [0].","After query_ideal said the file was too large, the run miscalled download and then kept trying direct S3/boto3 access inside execute_ideal repairs.","Stopped before deriving the 2016 arrest area, Area ID, or 2020 vehicle-burglary count.",4-6,1-3,No visible turn/tool-budget exhaustion; the run failed by submitting a placeholder after low-yield data-access attempts.,"Turn 3 | 2026-05-15 06:34:45 | DEBUG | strands_evaluation.instrumentation.agent_plugins | Model response #3 [stop_reason=tool_use]; Turn 4 | 2026-05-15 06:34:49 | DEBUG | strands_evaluation.instrumentation.agent_plugins | Model response #4 [stop_reason=tool_use]; Turn 5 | 2026-05-15 06:34:53 | DEBUG | strands_evaluation.instrumentation.agent_plugins | Model response #5 [role=assistant block=1 tool_use] execute_ideal({""dataset_id"": ""crime-data-from-2010-to-2019"", ""file_path"": ""files/rows.t; Turn 5 | 2026-05-15 06:34:53 | DEBUG | strands_evaluation.instrumentation.agent_plugins | Model response #5 [stop_reason=tool_use]; Turn 6 | 2026-05-15 06:35:51 | DEBUG | strands_evaluation.instrumentation.agent_plugins | Model response #6 [role=assistant block=1 tool_use] submit_answer({""answer"": ""[0]"", ""reasoning"": ""Unable to compute due to sandbox network ","After a large-file rejection, the run shifted to low-yield download and direct S3 access attempts.",Direct S3 and boto3 paths replaced the needed aggregation.,valid,,7,pass,Accepted after row-audit subagent output and deterministic evidence normalization.,Sandbox or source-access failures followed by fallback,"The visible tail was dominated by file, sandbox, parsing, or source-access failures before a fallback answer."
tasks_mini/k-3-d-4/task_3.json,error_unknown,10,Tool-repair query loops,Enrollment-assessment repair loop,"The run found the relevant enrollment and assessment datasets, got usable 2018-19 and 2019-20 low-income outputs, then stalled on repeated non-matching query_ideal calls and submitted unknown.","Repeated query_ideal calls for partial or debug SQL that did not match the authored computation, triggering SQL repair JSONDecodeError status errors.","Stopped after failing to get reliable 2020-21 enrollment, 2021-22 enrollment, and math proficiency computations.",3-5; 10-13; 15-16; 18,1-2; 6-8; 14,"The run spent late turns retrying similar or lower-yield query_ideal/debug queries after repair failures instead of obtaining the remaining computations, then submitted [Unable to determine].","Turn 3 | 2026-05-15 06:04:41 | DEBUG | strands_evaluation.instrumentation.agent_plugins | Model response #3 [stop_reason=tool_use]; Turn 3 | 2026-05-15 06:04:44 | WARNING | strands_evaluation.instrumentation.agent_plugins | Tool logical error (status=error): {""success"": false, ""error"": ""SQL repair failed: JSONDecodeError: Expecting property name enclosed in d; Turn 7 | 2026-05-15 06:04:55 | DEBUG | strands_evaluation.instrumentation.agent_plugins | Model response #7 [stop_reason=tool_use]; Turn 8 | 2026-05-15 06:05:13 | DEBUG | strands_evaluation.instrumentation.agent_plugins | Model response #8 [stop_reason=tool_use]; Turn 10 | 2026-05-15 06:05:25 | DEBUG | strands_evaluation.instrumentation.agent_plugins | Model response #10 [stop_reason=tool_use]; Turn 10 | 2026-05-15 06:05:28 | WARNING | strands_evaluation.instrumentation.agent_plugins | Tool logical error (status=error): {""success"": false, ""error"": ""SQL repair failed: JSONDecodeError: Unterminated string starting at: line; Turn 13 | 2026-05-15 06:05:55 | DEBUG | strands_evaluation.instrumentation.agent_plugins | Model response #13 [stop_reason=tool_use]; Turn 16 | 2026-05-15 06:06:03 | DEBUG | strands_evaluation.instrumentation.agent_plugins | Model response #16 [stop_reason=tool_use]; Turn 18 | 2026-05-15 06:06:18 | WARNING | strands_evaluation.instrumentation.agent_plugins | Tool logical error (status=error): {""success"": false, ""error"": ""SQL repair failed: JSONDecodeError: Unterminated string starting at: line; Turn 1 | 2026-05-15 06:04:36 | DEBUG | strands_evaluation.instrumentation.agent_plugins | Model response #1 [stop_reason=tool_use]",Partial and debug SQL retries repeatedly hit repair failures and left remaining computations unresolved.,The stuck computations were later enrollment and math proficiency queries.,valid,,19,pass,Accepted after row-audit subagent output and deterministic evidence normalization.,Ideal repair/status-error loops,The run repeatedly hit query_ideal/execute_ideal repair or status-error paths and did not recover cleanly.
tasks_mini/k-4-d-1/task_3.json,error_unknown,8,Tool-repair query loops,Filter-mismatched repair loop,"Found The Bronx and precinct 44, but never successfully computed the required 2021 complaint LOC_OF_OCCUR_DESC for BRONX precinct 44 before submitting [0].","Retried complaint-location computation without the required precinct filter, then detoured into redundant shooting queries and placeholder SQL.",Stopped after repeated execute_ideal repair failures around the complaint dataset; the required complaint category was still missing.,5-6; 8-13,1-4; 7,"No explicit tool-limit or max-turn stop is visible; the run spent the remaining useful budget on repeated failed repairs, redundant recomputation, and placeholder SQL before self-submitting [0].","Turn 3 | 2026-05-15 06:21:52 | DEBUG | strands_evaluation.instrumentation.agent_plugins | Model response #3 [stop_reason=tool_use]; Turn 4 | 2026-05-15 06:22:16 | WARNING | strands_evaluation.instrumentation.agent_plugins | Tool logical error (status=error): {""success"": false, ""error"": ""Code repair failed: JSONDecodeError: Unterminated string starting at: lin; Turn 5 | 2026-05-15 06:22:33 | WARNING | strands_evaluation.instrumentation.agent_plugins | Tool logical error (status=error): {""success"": false, ""error"": ""Code repair failed: JSONDecodeError: Unterminated string starting at: lin; Turn 8 | 2026-05-15 06:23:03 | DEBUG | strands_evaluation.instrumentation.agent_plugins | Model response #8 [stop_reason=tool_use]; Turn 9 | 2026-05-15 06:23:09 | DEBUG | strands_evaluation.instrumentation.agent_plugins | Model response #9 [stop_reason=tool_use]; Turn 10 | 2026-05-15 06:24:27 | DEBUG | strands_evaluation.instrumentation.agent_plugins | Model response #10 [stop_reason=tool_use]; Turn 13 | 2026-05-15 06:25:30 | DEBUG | strands_evaluation.instrumentation.agent_plugins | Model response #13 [role=assistant block=1 tool_use] query_ideal({""dataset_id"": ""nypd-shooting-incident-data-historic"", ""file_path"": ""files; Turn 13 | 2026-05-15 06:25:30 | DEBUG | strands_evaluation.instrumentation.agent_plugins | Model response #13 [stop_reason=tool_use]; Turn 14 | 2026-05-15 06:26:09 | DEBUG | strands_evaluation.instrumentation.agent_plugins | Model response #14 [role=assistant block=1 tool_use] submit_answer({""answer"": ""[0]"", ""reasoning"": ""Northernmost borough is The Bronx. Preci",Complaint-location computation retries and repair failures blocked the required precinct-filtered result.,Several attempts omitted or mishandled the required precinct filter.,valid,,15,pass,Accepted after row-audit subagent output and deterministic evidence normalization.,Ideal repair/status-error loops,The run repeatedly hit query_ideal/execute_ideal repair or status-error paths and did not recover cleanly.
tasks_mini/k-4-d-3/task_2.json,error_unknown,8,Tool-repair query loops,Location-filter repair loop,"Planned the multi-step school filter, read Clinton Hill context, inspected school-location schema, and sampled NTA_NAME values, but never got a reliable candidate-school set before submitting [].","Repeated near-duplicate query_ideal calls against 2013-2014-school-locations, mostly varying NTA_NAME filters after SQL repair JSONDecode errors.",Stopped at candidate elementary-school identification; the class-size and VADIR incident comparison was not computed.,9-12; 14-16; 18,1-2; 5-6; 8; 13; 17,"The run spent the remaining useful turns reformulating school-location query_ideal calls after repeated repair failures, then submitted [] without candidate schools or downstream computations.","Turn 8 | 2026-05-15 06:44:11 | DEBUG | strands_evaluation.instrumentation.agent_plugins | Model response #8 [stop_reason=tool_use]; Turn 9 | 2026-05-15 06:44:37 | DEBUG | strands_evaluation.instrumentation.agent_plugins | Model response #9 [stop_reason=tool_use]; Turn 9 | 2026-05-15 06:44:42 | WARNING | strands_evaluation.instrumentation.agent_plugins | Tool logical error (status=error): {""success"": false, ""error"": ""SQL repair failed: JSONDecodeError: Unterminated string starting at: line; Turn 11 | 2026-05-15 06:44:55 | DEBUG | strands_evaluation.instrumentation.agent_plugins | Model response #11 [stop_reason=tool_use]; Turn 12 | 2026-05-15 06:45:04 | DEBUG | strands_evaluation.instrumentation.agent_plugins | Model response #12 [stop_reason=tool_use]; Turn 14 | 2026-05-15 06:45:30 | DEBUG | strands_evaluation.instrumentation.agent_plugins | Model response #14 [stop_reason=tool_use]; Turn 16 | 2026-05-15 06:45:46 | DEBUG | strands_evaluation.instrumentation.agent_plugins | Model response #16 [stop_reason=tool_use]; Turn 18 | 2026-05-15 06:46:02 | WARNING | strands_evaluation.instrumentation.agent_plugins | Tool logical error (status=error): {""success"": false, ""error"": ""SQL repair failed: JSONDecodeError: Unterminated string starting at: line; Turn 19 | 2026-05-15 06:46:03 | DEBUG | strands_evaluation.instrumentation.agent_plugins | Model response #19 [stop_reason=tool_use]",Near-duplicate school-location queries after repair failures kept the run at candidate-school identification.,The retries mostly varied NTA filters without reaching class-size or VADIR computations.,valid,,20,pass,Accepted after row-audit subagent output and deterministic evidence normalization.,Ideal repair/status-error loops,The run repeatedly hit query_ideal/execute_ideal repair or status-error paths and did not recover cleanly.
tasks_mini/k-5-d-4/task_8.json,error_unknown,8,Tool-repair query loops,Population-filter repair loop,"The run planned correctly, found TDCJ yearly county candidates, then got stuck trying to compute/filter census populations and submitted [0] without reaching the UT university enrollment step.","Repeated query_ideal variants against the census county file after SQL repair failures, then low-yield file reads instead of recovering the population filter and enrollment lookup.","Stopped after the 2020 census population filter step; it never identified the qualifying county seat, UT System university, or Fall 2024 enrollment.",10; 13-17; 19; 22,1-8; 11-12; 18; 20-21,"The turn budget was spent retrying similar census population queries and inspecting raw files after repair failures, so the agent never progressed to the county-seat, university, and enrollment steps.","Turn 8 | 2026-05-15 07:57:20 | DEBUG | strands_evaluation.instrumentation.agent_plugins | Model response #8 [stop_reason=tool_use]; Turn 9 | 2026-05-15 07:57:43 | DEBUG | strands_evaluation.instrumentation.agent_plugins | Model response #9 [stop_reason=tool_use]; Turn 10 | 2026-05-15 07:57:45 | DEBUG | strands_evaluation.instrumentation.agent_plugins | Model response #10 [stop_reason=tool_use]; Turn 12 | 2026-05-15 07:58:48 | WARNING | strands_evaluation.instrumentation.agent_plugins | Tool logical error (status=error): {""success"": false, ""error"": ""SQL repair failed: JSONDecodeError: Unterminated string starting at: line; Turn 13 | 2026-05-15 07:58:51 | DEBUG | strands_evaluation.instrumentation.agent_plugins | Model response #13 [stop_reason=tool_use]; Turn 15 | 2026-05-15 07:59:17 | WARNING | strands_evaluation.instrumentation.agent_plugins | Tool logical error (status=error): {""success"": false, ""error"": ""SQL repair failed: JSONDecodeError: Unterminated string starting at: line; Turn 16 | 2026-05-15 07:59:19 | DEBUG | strands_evaluation.instrumentation.agent_plugins | Model response #16 [stop_reason=tool_use]; Turn 17 | 2026-05-15 07:59:20 | DEBUG | strands_evaluation.instrumentation.agent_plugins | Model response #17 [stop_reason=tool_use]; Turn 22 | 2026-05-15 07:59:30 | DEBUG | strands_evaluation.instrumentation.agent_plugins | Model response #22 [stop_reason=tool_use]; Turn 23 | 2026-05-15 07:59:32 | DEBUG | strands_evaluation.instrumentation.agent_plugins | Model response #23 [stop_reason=tool_use]",Census population filtering was retried through query_ideal variants and raw-file reads after repair failures.,"The county-seat, university, and enrollment steps were never reached.",valid,,24,pass,Accepted after row-audit subagent output and deterministic evidence normalization.,Ideal repair/status-error loops,The run repeatedly hit query_ideal/execute_ideal repair or status-error paths and did not recover cleanly.
tasks_mini/k-3-d-2/task_7.json,error_unknown,6,Tool-repair query loops,Postsecondary count repair loop,"Identified Chicago, obtained private school count 218, then failed to obtain a trusted postsecondary count and submitted [0].",Retried postsecondary Cook County/2022-2023 counts through query_ideal and execute_ideal after repeated repair JSONDecodeError failures.,Progress stopped after the postsecondary file was inspected/downloaded; later attempts kept missing the authored city/feature structure or testing the tool instead of completing the count.,6; 8; 11-14,1-5; 7; 9-10,No visible tool or turn limit was reached; the run ended by submit_answer after late turns were spent retrying postsecondary repairs that repeatedly failed with JSONDecodeError.,"Turn 4 | 2026-05-15 05:48:39 | DEBUG | strands_evaluation.instrumentation.agent_plugins | Model response #4 [stop_reason=tool_use]; Turn 6 | 2026-05-15 05:49:07 | WARNING | strands_evaluation.instrumentation.agent_plugins | Tool logical error (status=error): {""success"": false, ""error"": ""SQL repair failed: JSONDecodeError: Unterminated string starting at: line; Turn 8 | 2026-05-15 05:49:10 | DEBUG | strands_evaluation.instrumentation.agent_plugins | Model response #8 [stop_reason=tool_use]; Turn 9 | 2026-05-15 05:49:15 | DEBUG | strands_evaluation.instrumentation.agent_plugins | Model response #9 [stop_reason=tool_use]; Turn 10 | 2026-05-15 05:49:32 | WARNING | strands_evaluation.instrumentation.agent_plugins | Tool logical error (status=error): {""success"": false, ""error"": ""Code repair failed: JSONDecodeError: Unterminated string starting at: lin; Turn 11 | 2026-05-15 05:49:38 | WARNING | strands_evaluation.instrumentation.agent_plugins | Tool logical error (status=error): {""success"": false, ""error"": ""Code repair failed: JSONDecodeError: Unterminated string starting at: lin; Turn 13 | 2026-05-15 05:50:01 | WARNING | strands_evaluation.instrumentation.agent_plugins | Tool logical error (status=error): {""success"": false, ""error"": ""SQL repair failed: JSONDecodeError: Unterminated string starting at: line; Turn 14 | 2026-05-15 05:50:02 | DEBUG | strands_evaluation.instrumentation.agent_plugins | Model response #14 [stop_reason=tool_use]; Turn 15 | 2026-05-15 05:50:06 | DEBUG | strands_evaluation.instrumentation.agent_plugins | Model response #15 [stop_reason=tool_use]",The run repeatedly retried postsecondary computations after repair JSONDecodeErrors.,"Private-school progress was made, but the postsecondary count stayed trapped in repair retries.",valid,,16,pass,Accepted after row-audit subagent output and deterministic evidence normalization.,Ideal repair/status-error loops,The run repeatedly hit query_ideal/execute_ideal repair or status-error paths and did not recover cleanly.
tasks_mini/k-5-d-4/task_4.json,error_unknown,6,Tool-repair query loops,CACFP reimbursement repair loop,"The run solved the SSO top-five intersection and got 2018 CACFP reimbursement totals, then stalled on CACFP day-care-home reimbursement SQL/repair errors and submitted [coast].",Repeated schema-mismatched CACFP reimbursement query_ideal calls and debug queries after SQL repair kept failing with JSONDecodeError.,"After Turn 12, it had Cameron/Dallas/Harris/Hidalgo and 2018 reimbursement totals, but the 2020 reimbursement query failed and downstream decrease, enrollment, county-seat, and coast steps were not completed.",13; 15-16; 18-20,1-6; 10-12; 14; 17,No visible tool-budget hard stop; the run ended by submitting after repeated query repair failures consumed the tail turns without completing the remaining hops.,"Turn 11 | 2026-05-15 07:52:17 | DEBUG | strands_evaluation.instrumentation.agent_plugins | Model response #11 [stop_reason=tool_use]; Turn 12 | 2026-05-15 07:52:37 | DEBUG | strands_evaluation.instrumentation.agent_plugins | Model response #12 [stop_reason=tool_use]; Turn 12 | 2026-05-15 07:52:59 | WARNING | strands_evaluation.instrumentation.agent_plugins | Tool logical error (status=error): {""success"": false, ""error"": ""SQL repair failed: JSONDecodeError: Expecting value: line 1 column 10001 ; Turn 13 | 2026-05-15 07:53:01 | DEBUG | strands_evaluation.instrumentation.agent_plugins | Model response #13 [stop_reason=tool_use]; Turn 13 | 2026-05-15 07:53:05 | WARNING | strands_evaluation.instrumentation.agent_plugins | Tool logical error (status=error): {""success"": false, ""error"": ""SQL repair failed: JSONDecodeError: Expecting value: line 1 column 10001 ; Turn 15 | 2026-05-15 07:53:09 | DEBUG | strands_evaluation.instrumentation.agent_plugins | Model response #15 [stop_reason=tool_use]; Turn 15 | 2026-05-15 07:53:27 | WARNING | strands_evaluation.instrumentation.agent_plugins | Tool logical error (status=error): {""success"": false, ""error"": ""SQL repair failed: JSONDecodeError: Unterminated string starting at: line; Turn 16 | 2026-05-15 07:53:29 | DEBUG | strands_evaluation.instrumentation.agent_plugins | Model response #16 [stop_reason=tool_use]; Turn 16 | 2026-05-15 07:53:32 | WARNING | strands_evaluation.instrumentation.agent_plugins | Tool logical error (status=error): {""success"": false, ""error"": ""SQL repair failed: JSONDecodeError: Unterminated string starting at: line; Turn 18 | 2026-05-15 07:53:36 | DEBUG | strands_evaluation.instrumentation.agent_plugins | Model response #18 [stop_reason=tool_use]; Turn 18 | 2026-05-15 07:53:41 | WARNING | strands_evaluation.instrumentation.agent_plugins | Tool logical error (status=error): {""success"": false, ""error"": ""SQL repair failed: JSONDecodeError: Unterminated string starting at: line; Turn 20 | 2026-05-15 07:54:04 | DEBUG | strands_evaluation.instrumentation.agent_plugins | Model response #20 [stop_reason=tool_use]; Turn 20 | 2026-05-15 07:54:23 | WARNING | strands_evaluation.instrumentation.agent_plugins | Tool logical error (status=error): {""success"": false, ""error"": ""SQL repair failed: JSONDecodeError: Unterminated string starting at: line; Turn 21 | 2026-05-15 07:54:24 | DEBUG | strands_evaluation.instrumentation.agent_plugins | Model response #21 [stop_reason=tool_use]",CACFP reimbursement queries repeatedly hit schema mismatch and repair failures.,The 2020 reimbursement step blocked the remaining hops.,valid,,22,pass,Accepted after row-audit subagent output and deterministic evidence normalization.,Ideal repair/status-error loops,The run repeatedly hit query_ideal/execute_ideal repair or status-error paths and did not recover cleanly.
tasks_mini/k-6-d-3/task_5.json,error_unknown,5,Tool-repair query loops,Final-count repair loop,"Resolved the early GRE/ETS, FIPS, and top-county steps, then failed on the final postsecondary count and submitted [0].",Repeated postsecondary execute/query attempts and ideal repair retries after JSONDecodeError repair failures.,"After narrowing the intersection to Bergen County, the run could not compute the postsecondary institution count.",20-23; 26,1-3; 5-6; 9; 11; 13-16; 19,"No explicit hard budget stop is visible; late turns were spent retrying final postsecondary parsing/counting after repair failures, then the agent submitted a fallback answer.","Turn 19 | 2026-05-15 08:19:24 | WARNING | strands_evaluation.instrumentation.agent_plugins | Tool logical error (status=error): {""success"": false, ""error"": ""Code repair failed: JSONDecodeError: Unterminated string starting at: lin; Turn 20 | 2026-05-15 08:19:28 | DEBUG | strands_evaluation.instrumentation.agent_plugins | Model response #20 [stop_reason=tool_use]; Turn 21 | 2026-05-15 08:19:49 | WARNING | strands_evaluation.instrumentation.agent_plugins | Tool logical error (status=error): {""success"": false, ""error"": ""Code repair failed: JSONDecodeError: Unterminated string starting at: lin; Turn 22 | 2026-05-15 08:20:04 | WARNING | strands_evaluation.instrumentation.agent_plugins | Tool logical error (status=error): {""success"": false, ""error"": ""Code repair failed: JSONDecodeError: Unterminated string starting at: lin; Turn 23 | 2026-05-15 08:20:08 | WARNING | strands_evaluation.instrumentation.agent_plugins | Tool logical error (status=error): {""success"": false, ""error"": ""Code repair failed: JSONDecodeError: Unterminated string starting at: lin; Turn 26 | 2026-05-15 08:20:36 | WARNING | strands_evaluation.instrumentation.agent_plugins | Tool logical error (status=error): {""success"": false, ""error"": ""SQL repair failed: JSONDecodeError: Unterminated string starting at: line; Turn 27 | 2026-05-15 08:20:37 | DEBUG | strands_evaluation.instrumentation.agent_plugins | Model response #27 [role=assistant block=1 tool_use] submit_answer({""answer"": ""[0]"", ""reasoning"": ""Failed to compute postsecondary institut",The final postsecondary count was retried through execute/query attempts and repair failures.,Earlier hops narrowed to Bergen County before the count stalled.,valid,,28,pass,Accepted after row-audit subagent output and deterministic evidence normalization.,Ideal repair/status-error loops,The run repeatedly hit query_ideal/execute_ideal repair or status-error paths and did not recover cleanly.
tasks_mini/k-3-d-2/task_6.json,error_unknown,4,Tool-repair query loops,Postsecondary count repair loop,"The agent found Lansing and inspected the postsecondary dataset, then stalled on two near-duplicate query_ideal attempts for the CBSA before submitting placeholder [0].",Repeated query_ideal calls against the postsecondary dataset with generic Lansing/CBSA SQL after the first query was rejected and repair failed.,"After the second query_ideal repair JSONDecodeError, it re-peeked the same dataset and submitted without office or private-school counts.",5-8,1-4,No visible tool or turn budget exhaustion; the run stopped after submitting [0] following repeated query_ideal failures before counting the requested datasets.,"Turn 3 | 2026-05-15 05:47:52 | DEBUG | strands_evaluation.instrumentation.agent_plugins | Model response #3 [stop_reason=tool_use]; Turn 4 | 2026-05-15 05:47:54 | DEBUG | strands_evaluation.instrumentation.agent_plugins | Model response #4 [stop_reason=tool_use]; Turn 5 | 2026-05-15 05:47:56 | DEBUG | strands_evaluation.instrumentation.agent_plugins | Model response #5 [stop_reason=tool_use]; Turn 5 | 2026-05-15 05:47:59 | WARNING | strands_evaluation.instrumentation.agent_plugins | Tool logical error (status=error): {""success"": false, ""error"": ""SQL repair failed: JSONDecodeError: Unterminated string starting at: line; Turn 6 | 2026-05-15 05:48:01 | DEBUG | strands_evaluation.instrumentation.agent_plugins | Model response #6 [stop_reason=tool_use]; Turn 6 | 2026-05-15 05:48:16 | WARNING | strands_evaluation.instrumentation.agent_plugins | Tool logical error (status=error): {""success"": false, ""error"": ""SQL repair failed: JSONDecodeError: Unterminated string starting at: line; Turn 7 | 2026-05-15 05:48:18 | DEBUG | strands_evaluation.instrumentation.agent_plugins | Model response #7 [stop_reason=tool_use]; Turn 8 | 2026-05-15 05:48:19 | DEBUG | strands_evaluation.instrumentation.agent_plugins | Model response #8 [stop_reason=tool_use]",Near-duplicate query_ideal attempts failed in repair and blocked the CBSA count.,The repeated queries targeted the postsecondary dataset before a placeholder answer.,valid,,9,pass,Accepted after row-audit subagent output and deterministic evidence normalization.,Ideal repair/status-error loops,The run repeatedly hit query_ideal/execute_ideal repair or status-error paths and did not recover cleanly.
tasks_mini/k-5-d-4/task_7.json,error_unknown,4,Tool-repair query loops,Assessment-slice diagnostic loop,"Planned the multi-hop lookup, inspected assessment/enrollment/county/city sources, then got stuck using query_ideal mostly on 2014-15 Whitman County assessment slices.",Repeated small Whitman-only query_ideal diagnostics and near-duplicate counts after SQL repair failures instead of completing cross-year qualification and enrollment lookup.,"Last clear data progress was the Turn 11 sample district list; Turn 12's >=68 count failed, then Turns 13-16 became low-yield diagnostics before submitting unable to determine.",13-16,1-3; 6-7; 11,The run spent its remaining turns repeatedly probing the same 2014-15 Whitman assessment file after repair failures and never reached the required cross-year intersection plus 2017-18 enrollment lookup.,"Turn 4 | 2026-05-15 07:55:03 | WARNING | strands_evaluation.instrumentation.agent_plugins | Tool logical error (status=error): {""success"": false, ""error"": ""SQL repair failed: JSONDecodeError: Unterminated string starting at: line; Turn 7 | 2026-05-15 07:55:35 | DEBUG | strands_evaluation.instrumentation.agent_plugins | Model response #7 [stop_reason=tool_use]; Turn 10 | 2026-05-15 07:56:06 | DEBUG | strands_evaluation.instrumentation.agent_plugins | Model response #10 [stop_reason=tool_use]; Turn 11 | 2026-05-15 07:56:07 | DEBUG | strands_evaluation.instrumentation.agent_plugins | Model response #11 [stop_reason=tool_use]; Turn 12 | 2026-05-15 07:56:30 | DEBUG | strands_evaluation.instrumentation.agent_plugins | Model response #12 [stop_reason=tool_use]; Turn 12 | 2026-05-15 07:56:53 | WARNING | strands_evaluation.instrumentation.agent_plugins | Tool logical error (status=error): {""success"": false, ""error"": ""SQL repair failed: JSONDecodeError: Unterminated string starting at: line; Turn 13 | 2026-05-15 07:56:55 | DEBUG | strands_evaluation.instrumentation.agent_plugins | Model response #13 [stop_reason=tool_use]; Turn 15 | 2026-05-15 07:57:05 | DEBUG | strands_evaluation.instrumentation.agent_plugins | Model response #15 [stop_reason=tool_use]; Turn 16 | 2026-05-15 07:57:10 | DEBUG | strands_evaluation.instrumentation.agent_plugins | Model response #16 [stop_reason=tool_use]; Turn 17 | 2026-05-15 07:57:14 | DEBUG | strands_evaluation.instrumentation.agent_plugins | Model response #17 [stop_reason=tool_use]",Late turns repeated small Whitman assessment diagnostics after repair failures.,The cross-year qualification and enrollment lookup were not completed.,valid,,18,pass,Accepted after row-audit subagent output and deterministic evidence normalization.,Ideal repair/status-error loops,The run repeatedly hit query_ideal/execute_ideal repair or status-error paths and did not recover cleanly.
tasks_mini/k-5-d-4/task_5.json,error_unknown,3,Tool-repair query loops,CACFP reimbursement repair loop,"The run planned correctly, inspected CACFP schemas, and retrieved one 2016 CACFP ideal result, then remained stuck retrying CACFP reimbursement SQL variants and submitted [Unable to determine].","Repeated query_ideal calls against the same 2016 CACFP file with wrong or generic county aggregations, each followed by the same SQL repair JSONDecodeError.","Stopped at the first reimbursement/drop-ranking hop after one 2016 totals result; it never reached the child fatality, drug poisoning, county seat, or river hops.",4-6,1-3,No visible tool-limit or turn-budget exhaustion; the failed answer followed repeated tool-side SQL repair errors and no further progress past CACFP computations.,"Turn 3 | 2026-05-15 07:54:28 | DEBUG | strands_evaluation.instrumentation.agent_plugins | Model response #3 [stop_reason=tool_use]; Turn 4 | 2026-05-15 07:54:32 | DEBUG | strands_evaluation.instrumentation.agent_plugins | Model response #4 [role=assistant block=1 tool_use] query_ideal({""dataset_id"": ""child-and-adult-care-food-programs-cacfp-adult-day-care-cen; Turn 4 | 2026-05-15 07:54:32 | DEBUG | strands_evaluation.instrumentation.agent_plugins | Model response #4 [stop_reason=tool_use]; Turn 4 | 2026-05-15 07:54:35 | WARNING | strands_evaluation.instrumentation.agent_plugins | Tool logical error (status=error): {""success"": false, ""error"": ""SQL repair failed: JSONDecodeError: Unterminated string starting at: line; Turn 5 | 2026-05-15 07:54:37 | DEBUG | strands_evaluation.instrumentation.agent_plugins | Model response #5 [role=assistant block=1 tool_use] query_ideal({""dataset_id"": ""child-and-adult-care-food-programs-cacfp-adult-day-care-cen; Turn 5 | 2026-05-15 07:54:41 | WARNING | strands_evaluation.instrumentation.agent_plugins | Tool logical error (status=error): {""success"": false, ""error"": ""SQL repair failed: JSONDecodeError: Unterminated string starting at: line; Turn 6 | 2026-05-15 07:54:43 | DEBUG | strands_evaluation.instrumentation.agent_plugins | Model response #6 [stop_reason=tool_use]; Turn 6 | 2026-05-15 07:54:46 | WARNING | strands_evaluation.instrumentation.agent_plugins | Tool logical error (status=error): {""success"": false, ""error"": ""SQL repair failed: JSONDecodeError: Unterminated string starting at: line; Turn 7 | 2026-05-15 07:54:47 | DEBUG | strands_evaluation.instrumentation.agent_plugins | LLM content: [I can’t complete this with the current tool setup because every attempt to run the required SQL computations on the CACFP rei; Turn 1 | 2026-05-15 07:54:49 | DEBUG | strands_evaluation.instrumentation.agent_plugins | Model response #8 [role=assistant block=1 tool_use] submit_answer({""answer"": ""[Unable to determine]"", ""reasoning"": ""Tool-based SQL computat",The run retried CACFP county aggregations after repeated SQL repair JSONDecodeErrors.,It never progressed past the first reimbursement ranking hop.,valid,,7,pass,Accepted after row-audit subagent output and deterministic evidence normalization.,Ideal repair/status-error loops,The run repeatedly hit query_ideal/execute_ideal repair or status-error paths and did not recover cleanly.
tasks_mini/k-4-d-4/task_2.json,error_unknown,2,Tool-repair query loops,First-hop repair block,"Planned the joins and inspected relevant Chicago school/community datasets, but got stuck on the first progress-report query and submitted [0] after repeated query_ideal repair failures.",Retried query_ideal against the same 2011-2012 progress-report dataset with near-duplicate aggregations after each SQL repair JSONDecodeError.,"Stopped before identifying qualifying schools, community area, stadium, or MLB team founding year.",4-5,1-3,No tool-budget or turn-budget exhaustion is visible; the run ended after the agent submitted [0] because repeated query_ideal repair failures blocked progress.,"Turn 3 | 2026-05-15 06:59:34 | DEBUG | strands_evaluation.instrumentation.agent_plugins | Model response #3 [stop_reason=tool_use]; Turn 3 | 2026-05-15 06:59:37 | WARNING | strands_evaluation.instrumentation.agent_plugins | Tool logical error (status=error): {""success"": false, ""error"": ""SQL repair failed: JSONDecodeError: Unterminated string starting at: line; Turn 4 | 2026-05-15 06:59:39 | DEBUG | strands_evaluation.instrumentation.agent_plugins | Model response #4 [stop_reason=tool_use]; Turn 4 | 2026-05-15 06:59:42 | WARNING | strands_evaluation.instrumentation.agent_plugins | Tool logical error (status=error): {""success"": false, ""error"": ""SQL repair failed: JSONDecodeError: Unterminated string starting at: line; Turn 5 | 2026-05-15 06:59:43 | DEBUG | strands_evaluation.instrumentation.agent_plugins | Model response #5 [stop_reason=tool_use]; Turn 5 | 2026-05-15 06:59:46 | WARNING | strands_evaluation.instrumentation.agent_plugins | Tool logical error (status=error): {""success"": false, ""error"": ""SQL repair failed: JSONDecodeError: Unterminated string starting at: line; Turn 6 | 2026-05-15 06:59:47 | DEBUG | strands_evaluation.instrumentation.agent_plugins | Model response #6 [stop_reason=tool_use]",The first progress-report query was retried after repair failures until the run submitted a placeholder.,"No downstream school, community, stadium, or founding-year work occurred.",valid,,7,pass,Accepted after row-audit subagent output and deterministic evidence normalization.,Ideal repair/status-error loops,The run repeatedly hit query_ideal/execute_ideal repair or status-error paths and did not recover cleanly.
tasks_mini/k-4-d-4/task_9.json,error_unknown,1,Tool-repair query loops,Early repair abandonment,"The agent planned the multi-hop computation, inspected the relevant enrollment and assessment schemas, then failed on query_ideal SQL repair and submitted [Unable to compute].","After the first query_ideal repair JSONDecodeError, it retried query_ideal with a trivial smoke query that could not match the authored computation and hit the same repair failure.","Stopped after the second query_ideal SQL repair JSONDecodeError, before computing county filters or reading the Wikipedia evidence.",5,1-4,"This was not a visible turn-budget hard stop; the run failed early because query_ideal repair errors blocked the needed calculations, with one low-yield retry before submission.","Turn 4 | 2026-05-15 07:09:43 | DEBUG | strands_evaluation.instrumentation.agent_plugins | Model response #4 [stop_reason=tool_use]; Turn 4 | 2026-05-15 07:09:47 | WARNING | strands_evaluation.instrumentation.agent_plugins | Tool logical error (status=error): {""success"": false, ""error"": ""SQL repair failed: JSONDecodeError: Expecting property name enclosed in d; Turn 5 | 2026-05-15 07:09:48 | DEBUG | strands_evaluation.instrumentation.agent_plugins | Model response #5 [stop_reason=tool_use]; Turn 5 | 2026-05-15 07:09:50 | WARNING | strands_evaluation.instrumentation.agent_plugins | Tool logical error (status=error): {""success"": false, ""error"": ""SQL repair failed: JSONDecodeError: Expecting property name enclosed in d; Turn 6 | 2026-05-15 07:09:52 | DEBUG | strands_evaluation.instrumentation.agent_plugins | Model response #6 [stop_reason=tool_use]",A repair failure was followed by a trivial query retry that failed similarly before submission.,Only one low-yield retry occurred before the run gave up.,valid,,7,pass,Accepted after row-audit subagent output and deterministic evidence normalization.,Ideal repair/status-error loops,The run repeatedly hit query_ideal/execute_ideal repair or status-error paths and did not recover cleanly.
tasks_mini/k-3-d-2/task_9.json,error_unknown,8,Unresolved-evidence placeholder submissions,Wrong-granularity fallback,"Identified Detroit and inspected the public/postsecondary datasets, then failed to compute city-level counts and submitted [NULL].","Repeated county-level queries and JSON/XML fallback probes after tool errors, often omitting the Detroit city filter.","Stopped after postsecondary query/grep attempts and a repeated public-school county aggregation, before obtaining either required city-level count.",8-15,1-5; 7,"No explicit hard budget stop is visible; the run spent late turns on misapplied format tools, broad/county-level queries, and truncated grep/read fallbacks before submitting [NULL].","Turn 3 | 2026-05-15 05:48:46 | DEBUG | strands_evaluation.instrumentation.agent_plugins | Model response #3 [stop_reason=tool_use]; Turn 6 | 2026-05-15 05:48:49 | DEBUG | strands_evaluation.instrumentation.agent_plugins | Model response #6 [stop_reason=tool_use]; Turn 8 | 2026-05-15 05:50:02 | WARNING | strands_evaluation.instrumentation.agent_plugins | Tool logical error (status=error): {""error"": ""parse_xml_records only supports XML/KML files. Detected 'json'. Use query_file for CSV/JSON; Turn 9 | 2026-05-15 05:50:04 | DEBUG | strands_evaluation.instrumentation.agent_plugins | Model response #9 [stop_reason=tool_use]; Turn 9 | 2026-05-15 05:50:07 | WARNING | strands_evaluation.instrumentation.agent_plugins | Tool logical error (status=error): {""success"": false, ""error"": ""SQL repair failed: JSONDecodeError: Unterminated string starting at: line; Turn 10 | 2026-05-15 05:50:14 | WARNING | strands_evaluation.instrumentation.agent_plugins | Tool logical error (status=error): {""success"": false, ""error"": ""SQL repair failed: JSONDecodeError: Unterminated string starting at: line; Turn 11 | 2026-05-15 05:50:15 | DEBUG | strands_evaluation.instrumentation.agent_plugins | Model response #11 [stop_reason=tool_use]; Turn 13 | 2026-05-15 05:50:22 | DEBUG | strands_evaluation.instrumentation.agent_plugins | Model response #13 [stop_reason=tool_use]; Turn 15 | 2026-05-15 05:50:37 | DEBUG | strands_evaluation.instrumentation.agent_plugins | Model response #15 [stop_reason=tool_use]; Turn 16 | 2026-05-15 05:51:03 | DEBUG | strands_evaluation.instrumentation.agent_plugins | Model response #16 [stop_reason=tool_use]",The run never obtained the needed city-level counts and submitted null after broad fallback probes.,Late queries stayed at county or broad format level rather than resolving Detroit counts.,valid,,17,pass,Accepted after row-audit subagent output and deterministic evidence normalization.,Known-missing-data final submissions,"The run recognized unresolved evidence gaps and submitted null, unknown, placeholder, or otherwise incomplete output."
tasks_mini/k-3-d-2/task_5.json,error_unknown,5,Unresolved-evidence placeholder submissions,Schema inspection without extraction,"Identified Sacramento, inspected both source files, then submitted [null] after failing to extract district-office counts.",Repeated schema/preview checks and mismatched query/parse attempts after dataset formats were already visible.,By Turn 10 the district-office source was visibly a JSON DCAT catalog; later turns did not recover the missing district-office count.,9; 11; 13-14; 16,1-8; 10; 12; 15,No hard budget stop is visible; the run failed by submitting [null] after repeated low-yield inspections and known missing data.,"Turn 5 | 2026-05-15 05:47:38 | DEBUG | strands_evaluation.instrumentation.agent_plugins | Model response #5 [stop_reason=tool_use]; Turn 6 | 2026-05-15 05:47:39 | DEBUG | strands_evaluation.instrumentation.agent_plugins | Model response #6 [stop_reason=tool_use]; Turn 9 | 2026-05-15 05:48:01 | DEBUG | strands_evaluation.instrumentation.agent_plugins | Model response #9 [role=assistant block=1 tool_use] query_ideal({""dataset_id"": ""school-district-office-locations-current-c8f9d"", ""file_path; Turn 9 | 2026-05-15 05:48:01 | DEBUG | strands_evaluation.instrumentation.agent_plugins | Model response #9 [stop_reason=tool_use]; Turn 10 | 2026-05-15 05:48:56 | DEBUG | strands_evaluation.instrumentation.agent_plugins | Model response #10 [stop_reason=tool_use]; Turn 11 | 2026-05-15 05:48:57 | DEBUG | strands_evaluation.instrumentation.agent_plugins | Model response #11 [role=assistant block=1 tool_use] query_ideal({""dataset_id"": ""public-school-locations-current-23297"", ""file_path"": ""file; Turn 13 | 2026-05-15 05:49:56 | DEBUG | strands_evaluation.instrumentation.agent_plugins | Model response #13 [stop_reason=tool_use]; Turn 14 | 2026-05-15 05:50:39 | WARNING | strands_evaluation.instrumentation.agent_plugins | Tool logical error (status=error): {""error"": ""parse_xml_records only supports XML/KML files. Detected 'json'. Use query_file for CSV/JSON; Turn 16 | 2026-05-15 05:50:42 | DEBUG | strands_evaluation.instrumentation.agent_plugins | Model response #16 [stop_reason=tool_use]; Turn 17 | 2026-05-15 05:50:43 | DEBUG | strands_evaluation.instrumentation.agent_plugins | Tool result: Answer submitted: [null]",The run saw the dataset shape but failed to extract counts and submitted null.,Repeated previews and mismatched parse attempts did not recover the district-office count.,valid,,18,pass,Accepted after row-audit subagent output and deterministic evidence normalization.,Known-missing-data final submissions,"The run recognized unresolved evidence gaps and submitted null, unknown, placeholder, or otherwise incomplete output."
tasks_mini/k-4-d-4/task_4.json,error_unknown,4,Unresolved-evidence placeholder submissions,Empty-result fallback,"The run gathered the right broad sources, then repeatedly queried the 2016 500-cities file with variants that returned empty rows and submitted [null].","Repeated low-yield query_ideal reformulations against the 2016 binge-drinking data after empty results, followed by an unrelated salary-schema probe.","After the first 2016 binge-drinking query returned no rows, the run never recovered the city comparison or reached the overtime aggregation.",5-8,1-4,"No tool-limit stop is visible; the run spent its remaining turns on repeated empty query variants and submitted [null], triggering cancellation after answer submission.",Turn 3 | 2026-05-15 07:00:10 | DEBUG | strands_evaluation.instrumentation.agent_plugins | Model response #3 [stop_reason=tool_use]; Turn 5 | 2026-05-15 07:01:01 | DEBUG | strands_evaluation.instrumentation.agent_plugins | Model response #5 [stop_reason=tool_use]; Turn 6 | 2026-05-15 07:01:21 | DEBUG | strands_evaluation.instrumentation.agent_plugins | Model response #6 [stop_reason=tool_use]; Turn 7 | 2026-05-15 07:01:46 | DEBUG | strands_evaluation.instrumentation.agent_plugins | Model response #7 [stop_reason=tool_use]; Turn 8 | 2026-05-15 07:02:22 | DEBUG | strands_evaluation.instrumentation.agent_plugins | Model response #8 [stop_reason=tool_use]; Turn 9 | 2026-05-15 07:02:43 | DEBUG | strands_evaluation.instrumentation.agent_plugins | Model response #9 [stop_reason=tool_use]; Turn 10 | 2026-05-15 07:02:45 | DEBUG | strands_evaluation.instrumentation.agent_plugins | Model response #10 [stop_reason=cancelled],"Repeated empty query variants did not recover the city comparison, and the run submitted null.",The 2016 binge-drinking data returned no usable rows across variants.,valid,,10,pass,Accepted after row-audit subagent output and deterministic evidence normalization.,Known-missing-data final submissions,"The run recognized unresolved evidence gaps and submitted null, unknown, placeholder, or otherwise incomplete output."
tasks_mini/k-4-d-5/task_4.json,error_unknown,0,Unresolved-evidence placeholder submissions,Immediate placeholder after tool failure,"Planned the full multi-hop task, inspected the five CACFP files, then stopped after the first query_ideal SQL attempt failed during ideal repair.",No repeated search or retry loop is visible; the run submitted a placeholder answer immediately after one query_ideal repair failure.,"Stopped at the first CACFP aggregation query before deriving county rankings or using CPS, county, or state-admission evidence.",,1-2,The failure was not a visible turn-budget exhaustion; progress ended because the agent treated the query_ideal repair error as terminal and submitted [0].,"Turn 1 | 2026-05-15 07:13:20 | DEBUG | strands_evaluation.instrumentation.agent_plugins | Model response #1 [stop_reason=tool_use]; Turn 2 | 2026-05-15 07:13:23 | DEBUG | strands_evaluation.instrumentation.agent_plugins | Model response #2 [stop_reason=tool_use]; Turn 3 | 2026-05-15 07:13:27 | DEBUG | strands_evaluation.instrumentation.agent_plugins | Model response #3 [role=assistant block=1 tool_use] query_ideal({""dataset_id"": ""child-and-adult-care-food-programs-cacfp-centers-site-level; Turn 3 | 2026-05-15 07:13:30 | WARNING | strands_evaluation.instrumentation.agent_plugins | Tool logical error (status=error): {""success"": false, ""error"": ""SQL repair failed: JSONDecodeError: Unterminated string starting at: line; Turn 4 | 2026-05-15 07:13:31 | DEBUG | strands_evaluation.instrumentation.agent_plugins | Model response #4 [stop_reason=tool_use]",The run treated the first query repair error as terminal and submitted a placeholder.,No repeated loop was visible after the initial CACFP aggregation failure.,valid,,5,pass,Accepted after row-audit subagent output and deterministic evidence normalization.,Known-missing-data final submissions,"The run recognized unresolved evidence gaps and submitted null, unknown, placeholder, or otherwise incomplete output."
tasks_mini/k-4-d-2/task_4.json,error_unknown,14,Wrong-source or wrong-entity drift,Wrong-year premise,"Found District 9, then used APD search year 2021 instead of the council meeting year, repeatedly tried to compute dispatch and school counts, and submitted [0].","Repeated query_ideal/execute_ideal attempts against the dispatch file after file-size and repair failures, then repeated parse_xml_records/peek attempts for schools before a placeholder submission.","Progress effectively stopped after Turn 4 when the run substituted MIN(""Occurred Year"") from APD searches for the required earliest council meeting year.",8-14; 16-18; 21-22; 25-26,1-5; 15; 20; 23-24,"The run spent its remaining turns retrying unsupported or mismatched tool paths for dispatch and school counts, then submitted a known placeholder instead of resolving the missing values.","Turn 4 | 2026-05-15 06:29:47 | DEBUG | strands_evaluation.instrumentation.agent_plugins | Model response #4 [stop_reason=tool_use]; Turn 6 | 2026-05-15 06:30:26 | DEBUG | strands_evaluation.instrumentation.agent_plugins | Model response #6 [stop_reason=tool_use]; Turn 8 | 2026-05-15 06:30:54 | WARNING | strands_evaluation.instrumentation.agent_plugins | Tool logical error (status=error): {""success"": false, ""error"": ""Code repair failed: JSONDecodeError: Unterminated string starting at: lin; Turn 9 | 2026-05-15 06:30:57 | DEBUG | strands_evaluation.instrumentation.agent_plugins | Model response #9 [stop_reason=tool_use]; Turn 12 | 2026-05-15 06:31:26 | DEBUG | strands_evaluation.instrumentation.agent_plugins | Model response #12 [stop_reason=tool_use]; Turn 16 | 2026-05-15 06:31:58 | WARNING | strands_evaluation.instrumentation.agent_plugins | Tool logical error (status=error): {""success"": false, ""error"": ""Code repair failed: JSONDecodeError: Unterminated string starting at: lin; Turn 22 | 2026-05-15 06:34:14 | DEBUG | strands_evaluation.instrumentation.agent_plugins | Model response #22 [stop_reason=tool_use]; Turn 26 | 2026-05-15 06:35:08 | DEBUG | strands_evaluation.instrumentation.agent_plugins | Model response #26 [stop_reason=tool_use]",Progress stopped when the run substituted the APD search year for the council meeting year and built later work on that premise.,Dispatch and school retries followed the incorrect year choice.,valid,,27,pass,Accepted after row-audit subagent output and deterministic evidence normalization.,Ideal repair/status-error loops,The run repeatedly hit query_ideal/execute_ideal repair or status-error paths and did not recover cleanly.
tasks_mini/k-4-d-4/task_1.json,error_unknown,5,Wrong-source or wrong-entity drift,Wrong-source persistence,"The run found the yearly top-5 lists and identified P.S. 380 John Wayne Elementary as the Bedford NTA school, but submitted the school name instead of the required MM/DD school day.","After reaching the Bedford-school step, it kept querying the 2013-14 school-locations dataset for a SCHOOL DAY value or schema clue, while query_ideal repairs repeatedly failed with JSONDecodeError.","By Turn 11 it had Bedford NTA location evidence, then it stayed on the locations file instead of using the separate John Wayne Elementary school-day source.",5-6; 12; 14-15,1-4; 7-11; 13,The run did not visibly hit a hard tool limit; it burned turns on repeated wrong-source location queries and then submitted an incomplete answer.,"Turn 5 | 2026-05-15 06:57:34 | DEBUG | strands_evaluation.instrumentation.agent_plugins | Model response #5 [role=assistant block=1 tool_use] query_ideal({""dataset_id"": ""2007-2008-school-progress-report"", ""s3_uri"": ""s3://lakeqa-y; Turn 6 | 2026-05-15 06:57:58 | DEBUG | strands_evaluation.instrumentation.agent_plugins | Model response #6 [stop_reason=tool_use]; Turn 11 | 2026-05-15 06:58:53 | DEBUG | strands_evaluation.instrumentation.agent_plugins | Model response #11 [role=assistant block=1 tool_use] query_ideal({""dataset_id"": ""2013-2014-school-locations"", ""s3_uri"": ""s3://lakeqa-yc4103; Turn 12 | 2026-05-15 06:59:09 | DEBUG | strands_evaluation.instrumentation.agent_plugins | Model response #12 [stop_reason=tool_use]; Turn 12 | 2026-05-15 06:59:13 | WARNING | strands_evaluation.instrumentation.agent_plugins | Tool logical error (status=error): {""success"": false, ""error"": ""SQL repair failed: JSONDecodeError: Unterminated string starting at: line; Turn 13 | 2026-05-15 06:59:14 | DEBUG | strands_evaluation.instrumentation.agent_plugins | Model response #13 [stop_reason=tool_use]; Turn 14 | 2026-05-15 06:59:16 | DEBUG | strands_evaluation.instrumentation.agent_plugins | Model response #14 [stop_reason=tool_use]; Turn 15 | 2026-05-15 06:59:21 | DEBUG | strands_evaluation.instrumentation.agent_plugins | Model response #15 [stop_reason=tool_use]; Turn 16 | 2026-05-15 06:59:25 | DEBUG | strands_evaluation.instrumentation.agent_plugins | Model response #16 [role=assistant block=1 tool_use] submit_answer({""answer"": ""[P.S. 380 John Wayne Elementary]"", ""reasoning"": ""Top-5 by En","After identifying the school, the run kept querying the locations file instead of the school-day source.",The final answer was the school name rather than the required date.,valid,,17,pass,Accepted after row-audit subagent output and deterministic evidence normalization.,Ideal repair/status-error loops,The run repeatedly hit query_ideal/execute_ideal repair or status-error paths and did not recover cleanly.
tasks_mini/k-7-d-4/task_1.json,error_unknown,4,Wrong-source or wrong-entity drift,Wrong-county computation,"The run found the release-count path to Bexar and started reading Spurs evidence, but then pursued Bexar hate-crime counts instead of resolving the Knicks/Manhattan/New York County branch and never computed firearm crimes.","Repeated hate-crimes computations for Bexar after SQL/code repair failures, including near-duplicate query_ideal calls and a final year-check query.","After the Spurs lookup, the run failed to resolve the defeated team and its county, then switched to Bexar hate-crime calculations.",16-19,1-8; 10; 13; 15,The agent spent the tail repeatedly querying or executing the same wrong-county hate-crimes computation and stopped after repair errors without computing the firearm-crime dataset.,"Turn 14 | 2026-05-15 08:23:18 | DEBUG | strands_evaluation.instrumentation.agent_plugins | Model response #14 [stop_reason=tool_use]; Turn 16 | 2026-05-15 08:23:36 | WARNING | strands_evaluation.instrumentation.agent_plugins | Tool logical error (status=error): {""success"": false, ""error"": ""SQL repair failed: JSONDecodeError: Unterminated string starting at: line; Turn 17 | 2026-05-15 08:23:37 | DEBUG | strands_evaluation.instrumentation.agent_plugins | Model response #17 [stop_reason=tool_use]; Turn 18 | 2026-05-15 08:24:00 | WARNING | strands_evaluation.instrumentation.agent_plugins | Tool logical error (status=error): {""success"": false, ""error"": ""Code repair failed: JSONDecodeError: Unterminated string starting at: lin; Turn 19 | 2026-05-15 08:24:02 | DEBUG | strands_evaluation.instrumentation.agent_plugins | Model response #19 [stop_reason=tool_use]; Turn 1 | 2026-05-15 08:20:53 | DEBUG | strands_evaluation.instrumentation.agent_plugins | Model response #1 [stop_reason=tool_use]",The run pursued Bexar hate-crime counts after failing to resolve the Knicks/Manhattan branch.,The firearm-crime dataset for the correct county was never computed.,valid,,20,pass,Accepted after row-audit subagent output and deterministic evidence normalization.,Ideal repair/status-error loops,The run repeatedly hit query_ideal/execute_ideal repair or status-error paths and did not recover cleanly.
