task_id,log_error_bucket,estimated_wasted_turns,turn_waste_local_group,turn_waste_summary,turn_repeated_behavior,turn_progress_stop_point,wasted_turn_ranges,productive_turn_ranges,turn_budget_failure_reason,turn_waste_evidence,turn_waste_local_group_reason
tasks_mini/k-2-d-3/task_8.json,error_tokens_reached,12,late_candidate_rechecks,"The agent gathered top physical-branch circulation and visitor rankings for 2019-2021, which was enough to intersect the branch sets, but it got stuck validating edge cases around Harold Washington and null addresses.","It kept checking Harold Washington rows, null-address totals, and whole-dataset sums after the needed top-five rankings were already collected.","By turn 19 it had queried the top-five circulation and visitor lists for all six yearly datasets, but it never moved to the final intersection and submission.",20-31,1-19,The remaining budget was spent on validation tangents about special rows and dataset totals rather than intersecting the already-collected rankings.,"Turn 19 queries 2021 visitors top branches, completing the six yearly ranking pulls needed for the set intersection.; Turn 20 greps for Harold and turns 21-31 pivot into null-address counts, total-YTD sums, and raw row lookups.; Turn 31 hits the tool limit while still querying dataset totals instead of submitting the branch intersection.",It kept checking Harold Washington rows and dataset totals after the relevant rankings were already collected.
tasks_mini/k-3-d-3/task_10.json,error_tokens_reached,6,late_candidate_rechecks,"The agent gathered the yearly top rankings for circulation, visitors, and computer sessions across 2019-2021, enough to isolate Sulzer Regional Library, but then it spiraled into address/null and total-sum validation.","It kept checking address completeness, null rows, and aggregate totals after the ranking lists needed for the intersection were already collected.","By turn 17 the three-year circulation, visitor, and computer-session ranking pulls were complete, but the run never converted them into the final branch intersection.",18-23,1-17,"The remaining turns were consumed by validation tangents, and the agent kept issuing more aggregate queries after repeated tool-limit warnings.","Turn 17 finishes the 2021 circulation, visitors, and computer-sessions ranking pulls, completing the data collection needed for the intersection.; Turns 18-22 switch to top-10, address, and null-row checks instead of intersecting the already-returned sets.; Turn 23 fires five more aggregate queries after the tool-limit warning, all cancelled.",It kept checking address totals and null rows after the needed ranking lists were already collected.
tasks_mini/k-2-d-3/task_1.json,error_tokens_reached,5,late_candidate_rechecks,"The agent found Charlie as the top APD search sector, counted sector-Charlie CAD incidents, and queried Austin use-of-force by council district, but then drifted into redundant validation.",Reopened APD CAD/search files and reran variant counts after the key sector and district totals were already in hand.,"It had the three comparison quantities essentially assembled by turn 12, before it started rechecking file names, sector counts, and distinct-case variants instead of submitting.",13-17,1-12,"The final turns were spent on redundant APD file inspections and variant queries, and the agent even called another tool after a stop-and-submit warning.","Turn 12 queries 2022 APD use-of-force by council district, which is the last missing comparison piece.; Turn 14 reruns APD search counts without the earlier exclusion framing, and turn 15 switches to distinct-case counting instead of using the incident count already asked for.; Turn 17 calls download on APD CAD after the timeout warning told it to submit immediately.","The agent already had the sector and district totals, then reopened APD files and reran variants instead of submitting."
tasks_mini/k-3-d-4/task_3.json,error_tokens_reached,5,late_candidate_rechecks,"Identified the District 3 elementary school that stayed top-3 in performance, mapped it to the Upper West Side, and located the American Museum of Natural History as the adjacent Central Park museum.","After reading the museum intro with the build/open date, it kept rechecking school columns, overall-score rankings, and location details instead of submitting.","By turn 21 it had the neighborhood, the museum, and the line stating the museum's first purpose-built structure opened in 1877.",22-26,1-21,The agent had already reached the museum-year evidence but spent the final budget on extra verification branches unrelated to the asked build year.,"Turn 16 re-runs top-3 school queries across 2006-2010 and confirms the candidate school.; Turn 21 reads the AMNH intro stating the first purpose-built structure opened on December 22, 1877.; Turn 24 switches to overall-score ranking, and turn 26 asks for the school's OPEN_DATE rather than the museum year.","After the museum year evidence was found, it spent the tail rechecking school columns, rankings, and location details."
tasks_mini/k-4-d-4/task_8.json,error_tokens_reached,5,late_candidate_rechecks,"Worked out that Transportation ranked third, but drifted from the city and highway chain into spending-average calculations.",Kept rechecking expenditure schema and totals after the agency ranking was already clear.,"Reached the correct agency but never resolved the Southwest district city, highway, or terminus-city comparison.",12; 25-28,1-11; 13-24,"After finding Transportation, the run spent late turns on off-path search and redundant payment-total checks instead of finishing the city lookup.","Turn 12 searched binge drinking for Chicago and Santa Monica before the city and highway had been established.; Turns 15-17 and 20 showed Transportation ranked third in 2007-2010 spending.; Turns 25-27 kept inspecting Transportation payment fields and types after the totals were already known.; Turn 28 hit the timeout warning, and turn 29 submitted [1977205015.21], a number rather than a city.",It kept checking totals and schema after the agency ranking was already clear.
tasks_mini/k-4-d-4/task_1.json,error_tokens_reached,3,late_candidate_rechecks,"Compared top environment-category schools across 2006-2010, narrowed the Bedford-area candidate to P.S. 380 John Wayne Elementary, and read the school page containing the dedication date.","It repeated the exact initial search once and, after finding the dedication date, reran top-5 environment queries and a 2006 row lookup instead of submitting.","By turn 14 it had the Bedford-area school and the line 'Dedicated ... October 28, 1982,' which was enough to format 10/28.",2; 15-16,1; 3-14,Duplicate search and post-answer verification used the remaining budget instead of turning the already-found dedication date into the required MM/DD answer.,"Turn 2 repeats the same search_ideal query from turn 1.; Turn 14 reads John Wayne Elementary School and gets 'Dedicated in honor of John Wayne on October 28, 1982.'; Turns 15-16 rerun ranking and row checks after the date is already available.",It repeated search and post-answer verification after the dedication date was already found.
tasks_mini/k-3-d-1/task_1.json,error_tokens_reached,2,late_candidate_rechecks,"The agent found Charlie as the 2023 top APD search sector and queried council-district counts within Charlie, but it stalled in extra CAD file inspection before switching to the taser-count and incorporation-year lookups.",It kept poking at alternate CAD files after the Charlie-sector district ranking was already retrieved.,"Once the Charlie district counts were returned, the next needed moves were Austin's founding year and APD use-of-force taser counts, but the run stayed inside CAD file inspection.",11-12,1-10,The last turns were spent re-reading CAD file variants rather than moving to the remaining two data sources needed for the final per-century calculation.,"Turn 9 identifies Charlie as the top sector excluding Unknown.; Turn 10 queries 2023 CAD counts by council district within Charlie, which is the key routing step for the remaining computation.; Turns 11-12 peek CAD data.txt and 22de-7rzg.txt instead of querying APD use-of-force or Austin,_Texas.","After the Charlie-sector ranking was in hand, it kept poking at alternate CAD files."
tasks_mini/k-4-d-4/task_4.json,error_tokens_reached,2,late_candidate_rechecks,"Identified the RI Hospital parcel and benefactor chain, then kept revalidating the same property record.",Repeated hospital tax-roll filters for the same parcel across 2015-2018 after the candidate was already isolated.,"Had 101 Dudley St -> RI Hospital -> Moses Brown -> James Brown, but did not submit.",18-19,1-17,"Once the consistent parcel and benefactor page were in hand, it spent the remaining turns re-querying the same hospital filters.",Turn 11 identified 023-0772-LL01 as RI Hospital at 101 Dudley St with assessment 7052500.; Turn 15 read Moses Brown and surfaced that he was the grandson of James Brown.; Turns 18-19 reran hospital-range filters and returned the same 023-0772-LL01 parcel again.,It re-filtered the same parcel across years after the candidate had already been isolated.
tasks_mini/k-6-d-4/task_10.json,error_tokens_reached,2,late_candidate_rechecks,"Filtered NY counties by bridges, fire departments, ATMs, and renewable capacity, then narrowed the crime comparison to Erie versus Westchester and traced Buffalo to the Holland Land Company.","After finding the land-company source, it kept reopening Buffalo, Erie, and Holland pages to reconfirm the same provenance.","By turn 19 it had Erie as the winning county and 1789 in Holland Land Company context, but it never submitted.",20-21,1-19,Late-turn confirmation of the already-found land-company founding year consumed the remaining budget instead of submitting.,Turn 16 shows Erie with more violent crimes than Westchester in 2021; Turn 19 greps Holland_Land_Company and finds the company in operation between 1789 and 1858; Turn 20 rereads Holland_Land_Company after the founding year is already visible; Turn 21 re-greps Erie County for Holland references instead of submitting,It reopened the same place pages to reconfirm provenance after the land-company source was found.
tasks_mini/k-2-d-4/task_8.json,error_tokens_reached,1,late_candidate_rechecks,"The agent counted qualifying counties for FY2019-2022, formed the four-county intersection, and read Hidalgo County, but then spent its last available turn checking another county instead of submitting Edinburg.",It kept validating alternate candidate counties after the South Texas county was already identified.,"After reading Hidalgo County, Texas, the run had the South Texas county and its seat, but it did not submit before the budget ran out.",15,1-14,The last turn was spent on extra county-page validation after the correct county-seat lookup was already available.,"Turns 9-12 compute the 700-4600 intake counties for FY2019-FY2022, enough to form the intersection {Bexar, Hidalgo, Montgomery, El Paso}.; Turn 14 reads Hidalgo_County,_Texas, the page that provides both the South Texas clue and the county seat Edinburg.; Turn 15 then reads Bexar_County,_Texas instead of submitting.",It validated alternate counties after the correct county-seat path was already visible.
tasks_mini/k-3-d-3/task_3.json,error_tokens_reached,1,late_candidate_rechecks,"Ranked District 15 elementary schools across 2010-2013, mapped the winner to Sunset Park West, and pulled neighborhood text about Sunset Park.","After locating P.S. 172 in Sunset Park West and reading the Sunset Park article, it re-queried the same school-location mapping instead of submitting.","By turns 13-14 it had the school, the neighborhood, and the neighborhood article with the park-size clue.",14,1-13,"It spent its last visible action re-verifying the same ATS code/NTA mapping, then burned tokens without turning the gathered evidence into a final answer.","Turn 9 maps ATS code 15K172 in school locations.; Turn 13 reads Sunset_Park,_Brooklyn and gets the neighborhood/park description.; Turn 14 queries 15K172 in school locations again instead of submitting.",It re-verified the same school-location mapping instead of turning the evidence into an answer.
tasks_mini/k-4-d-3/task_4.json,error_tokens_reached,0,mixed_low_signal,"Applied youth-detention, STAR-exemption, jail-census, and violent-crime filters to Erie, Monroe, Suffolk, and Nassau, ending with per-county 2021 violent-crime values.","The late turns used serial county-by-county jail and violent-crime queries rather than batching them, but each call still added new evidence.",By turn 25 it had the 2021 violent-crime counts for all surviving counties and only needed the county-seat incorporation lookup.,,1-25,"The budget ran out after many serial verification queries, before it ever transitioned from county selection to the final county-seat year.","Turns 15-21 query Erie, Monroe, Suffolk, and Nassau jail facilities/census one county at a time.; Turns 22-25 pull 2021 violent-crime rows for Erie, Monroe, Suffolk, and Nassau.; After turn 25 the run has not yet performed any county-seat incorporation lookup.","The serial county-by-county queries added new evidence, so there is no clear repeat loop to bucket."
tasks_mini/k-5-d-3/task_7.json,error_tokens_reached,0,mixed_low_signal,"The visible trace solved the Corrections -> Jefferson City -> Lincoln University chain, but no answer was submitted.",No clear repeated visible pattern appears after the decisive entity reads; any extra budget burn happened off-screen.,"By turn 11 it had the candidate agency, headquarters city, HBCU, and founder in view.",,1-11,"The decisive facts were present in the visible trace, but the remaining budget appears to have been spent in hidden recursive work before submission.",Turn 9 employee counts showed CORRECTIONS above SOCIAL SERVICES and TRANSPORTATION in 2021-2023.; Turn 10 read Lincoln University and surfaced James Milton Turner as the founder.; Turn 11 read Missouri Department of Corrections and confirmed its headquarters are in Jefferson City.,"The visible summary does not show a strong repeat loop, so the waste pattern stays low-signal."
tasks_mini/k-6-d-4/task_8.json,error_tokens_reached,0,mixed_low_signal,"Located ETS and the New Jersey address clue, then only previewed school-location files before the run collapsed.",No clear repeat loop is visible; the trace never got past broad file previews into a concrete county query.,"It had ETS's Princeton and Lawrence Township clue and the candidate NCES datasets, but no county/FIPS or top-three counts were computed.",,1-4,The budget was consumed in initial file discovery and multi-dataset previews before any structured aggregation started.,"Turn 4 reads ETS content plus school-district, public, private, and postsecondary file previews; The log crashes with max_tokens before the first actual aggregation query appears","The visible trace never got past broad previews, so the repeat pattern is not clear."
tasks_mini/k-2-d-4/task_5.json,error_tokens_reached,,mixed_low_signal,"The matched raw log appears to solve the county-filter task and submit [Whitman], which conflicts with the eval row marked as failed.",The trace does not match the failure row clearly enough to support a confident wasted-turn pattern.,"The log ends with a successful submit_answer, so it does not line up cleanly with the error_tokens_reached row in eval_results.csv.",,,Could not determine from the matched log because the raw trace ends in success while the eval row records a failure.,task_5.log ends with Answer submitted: [Whitman] and Completed task 6.; The eval_results row for tasks_mini/k-2-d-4/task_5.json is labeled error_tokens_reached with a blank answer.,"The matched log and eval row conflict, so the waste pattern cannot be recovered confidently."
tasks_mini/k-5-d-4/task_3.json,error_tokens_reached,5,off_path_drift,"Computed yearly overtime leaders, then jumped into the Chicago Police and O.W. Wilson branch before proving the target department.","Shifted from overtime ranking into biography and county lookup early, then retried blocked overtime queries after the timeout warning.",Never established the correct highest-average-overtime department across 2018-2021.,7-11,1-6,"The run committed to the Chicago Police chain without first confirming Police was the target department, and it kept issuing blocked overtime queries after being told to submit.",Turns 5-6 showed Fire or Water Management above Police in each displayed yearly overtime table.; Turn 7 still jumped to Chicago_Police_Department and found Orlando W. Wilson.; Turns 8-10 continued into the Wichita and disability branch before the overtime target was settled.; Turn 11 launched four new overtime aggregation queries after a submit-now timeout warning.,It shifted into biography/county lookup detours and then retried blocked overtime queries.
tasks_mini/k-3-d-4/task_10.json,error_tokens_reached,3,off_path_drift,"Found the recurring top-lunch counties, compared 2018-19 vs 2020-21 day-care-home reimbursements, and started computing child-center enrollment for the final two counties.","Once the candidate counties were narrowed, it drifted into extra diagnostics on the child-center dataset and reimbursement totals instead of running the missing 2019-20 enrollment average.","After turn 20 it had the candidate counties and 2018-19 average enrollment output, leaving only the 2019-20 enrollment query and final comparison.",21-23,1-20,It used the remaining budget on validation and wrong-metric checks against child-center data rather than finishing the last enrollment calculation and submitting.,"Turn 20 computes average EnrollmentQty for HIDALGO and CAMERON in the 2018 child-center file.; Turn 21 switches to max/min/median enrollment diagnostics for the same counties.; Turns 22-23 query child-center reimbursement totals, which do not answer the enrollment part of the question.",The run drifted into child-center diagnostics and wrong-metric checks instead of the missing average step.
tasks_mini/k-5-d-4/task_6.json,error_tokens_reached,1,off_path_drift,"Built a partial Whitman shortlist from early-year enrollment and math data, then answered from inference after the later-year checks timed out.",Spent the final budget on remaining yearly low-income checks instead of directly confirming the college history source.,Had Whitman as a candidate but had not verified the 2020-21 and 2021-22 constraint or directly checked the opening-date source.,12,1-11,"The last visible turn was consumed by blocked 2020-21 and 2021-22 enrollment queries, so the final answer was an under-supported inference.","Turns 7 and 11 showed Whitman in the 32-40% low-income band for 2018-19 and 2019-20.; Turn 9 only sampled 2021-22 math rows; it did not compute the qualifying counties.; Turn 12 tried both 2020-21 and 2021-22 low-income queries, hit the submit-now warning, and then stopped querying.; Turn 13 submitted 01/13/1891 based on the partial-year shortlist and the Pullman or Colfax clue.",It kept chasing the wrong yearly low-income checks instead of the direct source confirmation.
tasks_mini/k-6-d-4/task_1.json,error_tokens_reached,1,off_path_drift,"Built the Texas releases comparison, staged the crime datasets, and reached a full four-year county-count script.",No strong repeat loop; it front-loaded downstream crime data before finishing the county and NBA chain.,"Turn 12 computed Concho as the lowest-CV county, but the seat/team/opponent county and 2020 crime comparison were still unresolved.",2,1; 3-12,"It spent an early turn jumping to the crime side before the target county was known, then used a large four-file code step and ran out before completing the NBA linkage and final county lookup.","Turn 2 searches firearm and hate-crime data before the target county is identified; Turn 12 computes Concho as the minimum-CV county from the four release files; The run crashes immediately after the release-analysis code output, before any county-seat or Finals-opponent lookup",It front-loaded downstream crime data before the target county was established.
tasks_mini/k-6-d-4/task_6.json,error_tools_limit,1,off_path_drift,"Identified Khan Lab School in Mountain View, got California FIPS from district offices, and computed the top California counties for public, private, district-office, and postsecondary counts.","After the statewide county tables were already available, it pivoted back to Santa Clara-specific counts and kept querying after tool-limit warnings.","By turn 21 the top-three county lists and postsecondary counts were in hand, but the agent never intersected them correctly before submitting 413.",22,1-21,"It solved the wrong subproblem at the end, counting Santa Clara itself instead of the intersection counties, and exhausted the tool budget.","Turn 17 finds Mountain View and Santa Clara County district offices with OPSTFIPS 06; Turns 18-21 compute statewide top county tables for public, private, district-office, and postsecondary counts; Turn 22 counts Santa Clara public schools and then ignores tool-limit submit-now warnings with more blocked Santa Clara count queries",It pivoted back to Santa Clara-specific counts and kept querying after the correct intersection was known.
tasks_mini/k-6-d-4/task_9.json,error_tokens_reached,8,ranking_aggregation_reruns,"Started on the gasoline-tax and NYC school-report chain, but kept bouncing between tax-rank disambiguation and raw school file previews without reaching the Bedford-NTA school filter.",It repeatedly re-ranked the gasoline-tax state and loaded additional yearly progress-report files instead of narrowing to Bedford schools and the final school-day field.,"By turn 15 it had New York as the 24th-ranked state, yet Bedford NTA and the specific elementary school/day were still untouched.",10; 13; 15-20,1-9; 11-12; 14,"After finding New York, it kept revisiting tax-rank bookkeeping and raw report previews rather than querying Bedford NTA schools and the MM/DD answer field.","Turn 10 reads tax metadata.json, which does not advance the task; Turn 13 lists all 2013 gasoline states instead of narrowing the target state; Turn 14 already returns New York at offset 23; Turn 15 reruns the rank with a different exclusion set and gets the same state; Turn 19 recounts distinct states; Turn 20 runs yet another offset query and hits the timeout warning",It kept re-ranking the gasoline-tax state and loading more yearly reports instead of narrowing to the final field.
tasks_mini/k-7-d-3/task_1.json,error_tokens_reached,5,ranking_aggregation_reruns,"Found New York as the gas-tax state, isolated Eleanor Roosevelt High School as the District 2 first-lady school with A grades, and then stalled on repeated ranking checks instead of answering the president relation.","Once Eleanor Roosevelt High School was identified, it kept re-running the New York rank under slightly different exclusion rules and revisiting Manhattan facts.","By turn 20 it had the school candidate locked across 2007-2010, but it had not converted Eleanor Roosevelt into Franklin D. Roosevelt before submitting the state name.",21-25,1-20,The last turns were spent reconfirming the same New York rank and borough facts instead of taking the final First Lady-to-president hop.,Turn 5 first returns New York as the 24th-ranked gasoline-tax state; Turns 16-18 isolate Eleanor Roosevelt High School as the only first-lady District 2 school staying at A while the Kennedy school drops; Turn 20 confirms DBN 02M416 with A grades across the yearly reports; Turns 21-23 rerun the gas-tax rank with different exclusion sets; Turn 25 greps Manhattan population and times out; Turn 26 submits [New York] instead of a president name,It re-ran the New York rank under slight exclusion changes after the key school was already identified.
tasks_mini/k-6-d-4/task_2.json,error_tokens_reached,3,ranking_aggregation_reruns,"Mapped the Missouri expenditures files, spent many turns cracking the 2007 JSON rows format, and then answered with the recurring top spender instead of the third-by-average agency.",It kept re-running top-agency spending checks and moved into downstream overtime datasets before the first ranking step was actually solved.,"It finally queried 2007 totals, but still had not computed the third-ranked average agency or started the binge-drinking and founding-year chain.",23-25,1-22,"The last turns went to downstream overtime file discovery and another round of top-spender confirmation, then timeout warnings forced a wrong submit.","Turns 11-13 query 2008-2010 totals and keep surfacing SOCIAL SERVICES as the top spender; Turn 23 lists overtime datasets before the agency-ranking step is resolved; Turn 24 computes 2007 top totals and again finds SOCIAL SERVICES at the top; Turn 25 reruns 2008-2010 top-1 queries, hits submit-now warnings, and still submits SOCIAL SERVICES",It re-ran top-agency spending checks and downstream overtime datasets instead of finishing the first ranking step.
tasks_mini/k-3-d-3/task_1.json,error_tokens_reached,2,ranking_aggregation_reruns,"The agent pulled top-score high-school lists for 2006-07, 2009-10, and 2010-11, which was enough to spot Marble Hill across all three years, but then it broadened into schema and top-list validation instead of moving to the bridge-builder and burial lookup.",It rechecked school-level metadata and reran broad overall-score queries after the three year-specific top-seven lists were already available.,"By turn 9 the three annual top-score pulls were complete, but the run never pivoted to Marble Hill's neighborhood bridge history and Frederick Philipse's burial place.",10-11,1-9,The final turns spent the remaining budget on validation queries against the same school-report datasets instead of following the already-clear Wikipedia chain.,"Turns 7-9 query the top high-school score lists for all three school years.; Turn 10 asks for DISTINCT school levels in 2006-07, a schema check after the needed ranking outputs are already present.; Turn 11 reruns broad top-score queries across all schools and years rather than pivoting to Marble_Hill,_Manhattan and Frederick_Philipse.",It reran broad score queries after the year-specific top-seven lists were already available.
tasks_mini/k-2-d-4/task_3.json,error_tokens_reached,1,ranking_aggregation_reruns,"The agent pulled yearly Chicago overtime department summaries and even looked up the Chicago Police Department superintendent snippet, but it never actually aggregated 2018-2021 overtime by department.",It re-ranked the same yearly overtime datasets with slightly different metrics instead of computing the four-year average and finishing the join to the superintendent answer.,"After the 2019-2021 yearly department queries, the likely lead department and the needed Wikipedia target were already visible, but the run turned to another round of per-year re-ranking.",11,1-10,The last turn repeated per-year department aggregation queries instead of collapsing them into one cross-year comparison and submitting.,"Turn 7 already greps the Chicago_Police_Department article for first civilian superintendent.; Turns 8-10 query 2019-2021 department overtime summaries, giving the yearly pieces needed for the comparison.; Turn 11 reruns all four years ordered by sum_total rather than performing the requested 2018-2021 average.",The run reranked the same yearly overtime datasets instead of collapsing them into the four-year average.
tasks_mini/k-5-d-3/task_3.json,error_tokens_reached,1,ranking_aggregation_reruns,"Narrowed to Seattle and isolated the top GHG building, then used the last turn on a stricter rerun of the same ranking.",Ran one more building-ranking query on the same Seattle dataset after the candidate building and year were already visible.,"Had OSEBuildingID 43 and YearBuilt 1992, but did not settle whether the missing 2015 row disqualified it.",20,1-19,The final budget went to a redundant HAVING COUNT(*) = 9 validation query instead of stopping at the already identified candidate.,Turn 16 search_ideal returned no further planned sources remain.; Turn 17 ranked OSEBuildingID 43 first with YearBuilt 1992.; Turn 19 pulled OSEBuildingID 43's year-by-year records and confirmed YearBuilt 1992.; Turn 20 reran the Seattle aggregate with HAVING COUNT(*) = 9 and immediately timed out.,It ran another ranking query on the same Seattle dataset after the candidate was already visible.
tasks_mini/k-6-d-3/task_3.json,error_tokens_reached,1,ranking_aggregation_reruns,"Compared federal candidates for moving violations, then regressed to an all-agency parking aggregation and answered the wrong intermediate result.",Restarted a global parking-agency calculation after the federal candidate comparison was already in hand.,Had the federal moving-violation comparison but never traced the winning agency to its parent department head and university.,22,1-21,"The final turn spent the remaining budget on an overall parking-agency aggregate, which dropped the federal filter and derailed the answer.","Turns 18-20 showed DEPARTMENT OF PUBLIC WORKS dominating parking totals, with federal agencies only lower-ranked candidates.; Turn 21 compared moving-violation counts for UNITED STATES PARK POLICE, UNITED STATES CAPITOL POLICE, and US. SECRET SERVICE UNIFORM DIVISION.; Turn 22 restarted a script to find the top parking agency across all agencies and timed out.; Turn 23 submitted [DEPARTMENT OF PUBLIC WORKS, 0], an intermediate agency and count pair rather than the requested university.",It restarted the global parking-agency calculation after the filtered comparison was already in hand.
tasks_mini/k-3-d-4/task_9.json,error_tokens_reached,0,ranking_aggregation_reruns,"Collected the Texas expenditure, county-history, and TDCJ release sources, then used downloaded files and code to narrow the answer to Bexar versus Harris.",There was little visible repetition; the late work was a bulky final release-count script after the capital-outlay candidates were already narrowed.,"After turn 18 it had the top capital-outlay counties and the original-county candidates, leaving only the release comparison.",,1-20,"The final execute_code step over downloaded release files hit the timeout, but the agent then complied and submitted immediately.",Turn 18 execute_code prints the top CAPITAL OUTLAY counties and narrows the original-county set to Harris and Bexar.; Turn 19 starts the release-count script for the candidate counties and is cancelled by the timeout.; Turn 20 immediately submits [Bexar] without calling another tool.,It spent the tail on a bulky release-count script after the candidates were already narrowed.
tasks_mini/k-4-d-4/task_2.json,error_tokens_reached,6,schema_file_thrash,"Worked through Washington contractor counts and the NY construction-manager roster, but spent many early and late turns inspecting file structure instead of finishing the 2020 contractor comparison and city link.","The run repeatedly peeked metadata/catalog/columns for the same contract file, then burned the tail on a max-count check, an empty search, a missing-plan probe, and another raw-file preview.",By turn 23 it had 2017-2019 contractor counts plus the NY construction-manager roster; the remaining substantive step was the 2020 contractor count and final firm-to-city inference.,10-13; 24-27,1-9; 14-23; 28,Schema thrash early and plan/debug detours late consumed the budget before the final 2020 count and answer synthesis could complete.,"Turns 10-13 peek dcat-us.txt, catalog.txt, columns.txt, and headers.txt for the same 2017 contracts dataset.; Turn 24 asks only for the max 2019 contract count, which does not resolve the target firm.; Turns 25-27 run an empty search, check for a missing plans_mini file, and preview active-construction-projects/files/data.txt instead of finishing the contractor comparison.","Metadata, columns, plan/debug, and raw-file peeks dominated the tail."
tasks_mini/k-2-d-4/task_4.json,error_tokens_reached,5,schema_file_thrash,"The agent identified the ELA/SBAC filtering scheme and discovered that the 2015-16 rows file was malformed for strict parsing, but it never reached the cross-year district intersection.","It kept rechecking subjects, test-administration values, and parser workarounds across yearly files instead of extracting the qualifying district and county sets.","After the first 2015 parse failure and the initial custom read_csv workaround, the run was still circling schema validation rather than computing the county intersection and Eastern Washington filter.",14-18,1-13,"Parser troubleshooting and repeated admin/schema inspection consumed the final turns, and the first real >=68 count query only arrived at the timeout boundary.","Turn 9 hits a malformed-row parse error on the 2015-16 rows file.; Turn 13 tries a custom read_csv(..., all_varchar=true) workaround, which is the last clear attempt to recover the 2015 file.; Turns 14-17 return to sample and admin checks, and turn 18 reaches timeout on the first actual districts_ge68 count query.",Parser recovery and subject/admin/schema checks took the tail instead of the county and district extraction.
tasks_mini/k-4-d-3/task_9.json,error_tokens_reached,5,schema_file_thrash,Located the January 2019-2021 parking and moving-violation datasets and spent the late run trying to understand their raw JSON structure before inferring the department.,"After the files were located, it kept previewing raw data.txt/file variants and then attempted a bulk download instead of switching to direct aggregation queries.",By turn 10 the relevant parking and moving datasets were in hand; after that the run mostly stayed in file-structure inspection.,11-17,1-10; 18,"Raw-file probing and a large download attempt used up the remaining budget, so the quantitative comparison never happened before the timeout warning.",Turn 12 peeks parking-violations-issued-in-january-2019/files/0.txt after earlier previews of the same dataset.; Turns 13-16 keep inspecting 2021 parking and 2020 moving raw files instead of aggregating fines and violations.; Turn 17 launches a five-file download and is cancelled by the timeout; turn 18 then submits from partial evidence.,Raw file previews and a bulk download attempt replaced direct aggregation work.
tasks_mini/k-6-d-4/task_7.json,error_tokens_reached,5,schema_file_thrash,"Found ACT and Iowa City quickly, but then spent most of the run circling around NCES file structure instead of executing direct county aggregations.","It repeatedly inspected headers, layer docs, redirects, and schema types for the same NCES files rather than moving to Iowa counts.","The state and city path was known, but the first real Iowa City district query did not happen until turn 14 and timed out immediately.",6-7; 9-11,1-5; 8; 12-14,Mid-run budget went to repeated schema discovery instead of a direct district-office filter and the statewide top-three county counts.,"Turn 6 peeks WARC headers instead of county data; Turn 9 runs SELECT * LIMIT 1 on the district file and gets a truncated zero-row result; Turn 10 reads multiple files/0.txt layer descriptions rather than county counts; Turn 11 reads a redirect file; Turn 14 is the first direct Iowa City district query, and it times out","Headers, layer docs, redirects, and schema types were inspected repeatedly for the same NCES files."
tasks_mini/k-7-d-4/task_1.json,error_tokens_reached,5,schema_file_thrash,"Located Khan Lab School in Mountain View, Santa Clara County, but spent most of the run inspecting file structure instead of computing California county intersections and the final arithmetic.","After loading the four NCES datasets, it cycled through raw reads, type checks, and sandbox inspection rather than issuing county-count queries.","It reached the school's county identity late in the run, but never calculated the top-three overlap or the county totals needed for the final difference.",17-21; 23,1-8; 22; 24-25,"Schema probing across multiple GeoJSON files crowded out the actual California county aggregations, leaving the key numeric comparison undone when tokens ran out.","Turns 17 and 19-21 are repeated typeof(features) or structure checks across the postsecondary, private, district, and public datasets.; Turn 18 counts postsecondary rows by state instead of querying California counties.; Turn 23 inspects sandbox files, and only in Turns 24-25 does it finally grep and read the Khan Lab School entry.","Raw reads, type checks, and sandbox inspection dominated before any county counts were run."
tasks_mini/k-7-d-4/task_10.json,error_tokens_reached,5,schema_file_thrash,"Identified NYSED as the Regents administrator and found Kings County leading New York private-school counts, but never computed the required public, district-office, and college overlap before submitting the private-school count alone.","Once it had one county count, it drifted into schema checks and sandbox or local-path inspection instead of finishing the missing county comparisons.","It reached Albany and NYSED context and a private-school county ranking, but stopped before the multi-dataset intersection and final subtraction.",19; 21-25,1-18; 20,"The last turns were spent checking schema and sandbox contents rather than querying public schools, district offices, and colleges, so the run fell back to an incomplete county-only answer.","Turn 19 repeats search_ideal and gets an empty plan-exhausted result.; Turn 20 gets the New York private-school ranking with Kings County = 195, but no public-school or college county query follows.; Turns 22-24 use execute_code and get_sandbox_info to inspect local paths instead of advancing the county-overlap calculation.; Turn 25 repeats a Kings County private-school count query and times out before submit.",Schema checks and sandbox/local-path inspection replaced the final county comparisons.
tasks_mini/k-7-d-4/task_6.json,error_tokens_reached,5,schema_file_thrash,"Correctly established Instructure in Salt Lake City, Salt Lake County, Utah, but never computed Utah county rankings or the final county arithmetic and instead submitted just the county name.","After loading the NCES datasets, it kept peeking and grepping raw files for Utah and Salt Lake City strings rather than querying statewide county counts.","It had the company location and relevant datasets in hand, but stalled before ranking counties across private, public, and district data and before the final subtraction.",12-22,1-11,"The late run budget went to file-structure verification and city or county spot checks, leaving no room for the actual county-overlap computation.","Turn 12 repeats search_ideal for public-school GeoJSON and gets a plan-exhausted result.; Turns 13-17 are mostly peek_file checks of catalog or raw files rather than county aggregations.; Turns 18-21 grep UT and SALT LAKE CITY occurrences in raw files instead of computing statewide top-three counts.; Turn 22 times out on get_sandbox_info, and Turn 23 submits only [Salt Lake County].",Grepping raw files for city strings replaced the statewide county-count queries.
tasks_mini/k-7-d-4/task_7.json,error_tokens_reached,5,schema_file_thrash,"Identified the Seattle and King County context and eventually computed the Washington county with the most postsecondary institutions, but never finished the public, private, and district intersection and submitted the college count itself.",The run spent many turns reading raw dataset files and checking schema before issuing the first real county aggregation.,"By Turn 20 it knew King County led Washington postsecondary counts, but it had not computed the matching public, private, and district top-three overlap or the final K-12-minus-college-and-district total.",13-18,1-5; 17; 20-21,"Raw-file and schema inspection dominated the middle of the run, so the needed county-overlap queries arrived too late and the first public-school aggregation timed out.","Turns 13-18 read raw public, private, postsecondary, and district content plus supporting Seattle or Code.org text instead of county-count queries.; Turn 20 finally gets Washington postsecondary counts with King County = 34.; Turn 21 times out on the first public-school county aggregation, after no private-school or district-office ranking query appears.",Raw file inspection and schema checking dominated before the first real county aggregation.
tasks_mini/k-4-d-3/task_5.json,error_tokens_reached,4,schema_file_thrash,"Pulled Iowa unemployment, biofuel, income, and population datasets, found the high-biofuel counties and income filter, and started checking the population source.",It repeatedly probed unemployment schema/details and then reran the same 2019 personal-income filter instead of moving to county-seat populations.,"By turn 15 it had candidate-county filters and the population dataset open, so the remaining work was county-seat lookup and final population comparison.",10-11; 13; 16,1-9; 12; 14-15,Redundant schema peeks and a duplicate income query consumed the remaining budget before the county-seat population step was executed.,"Turns 10-11 keep peeking unemployment raw files after area type and seasonality had already been established.; Turn 13 runs `SELECT 1 AS x` on the unemployment dataset, which adds no task evidence.; Turn 14 already queries 2019 personal income above $4B, but turn 16 reruns the same income filter with a different date literal and hits timeout.",Repeated schema/detail checks and the duplicate income query consumed the remaining budget.
tasks_mini/k-5-d-4/task_4.json,error_tokens_reached,4,schema_file_thrash,Stayed in raw file preview mode across four assessment years and never reached a county-level filter or enrollment query.,Repeated large-file peek_file previews year by year instead of issuing ELA or district filters.,Never isolated a qualifying county or the most populous city's 2017-18 enrollment.,3-6,1-2,Budget went into unfiltered previews of massive assessment files and an early city or enrollment search before the qualifying county was established.,"Turn 3 searched for enrollment and city context and got county Wikipedia pages instead of an enrollment dataset.; Turns 4-6 only previewed the 2015-16, 2016-17, and 2017-18 assessment files.; No query_file call appears before the run hit the token limit.",Large-file peek_file previews by year replaced the needed ELA or district filters.
tasks_mini/k-7-d-4/task_8.json,error_tokens_reached,4,schema_file_thrash,"Successfully computed the Massachusetts county leaders across public, private, district-office, and college datasets, but then drifted into sandbox and file inspection instead of doing the final arithmetic and submitted the county name alone.","Once Middlesex County was clearly the leading overlap candidate, it kept inspecting sandbox paths and alternate file handles rather than finishing the numeric difference.","By Turn 21 it had the county counts needed to identify Middlesex County, but it never combined those counts into the requested final integer.",22-25,1-21,"The answer path was already clear, but the run spent its remaining budget on sandbox and dataset-handle exploration until the timeout warning forced an incomplete submit.","Turn 14 gets Massachusetts public-school counts, Turn 16 private-school counts, Turn 19 district-office counts, and Turn 21 college counts.; Turn 22 opens get_sandbox_info, Turn 23 peeks postsecondary data.txt, and Turn 24 lists an invalid public-school dataset id.; Turn 25 runs execute_code to inspect sandbox contents, hits the timeout warning, and Turn 26 submits [Middlesex County].",Sandbox paths and alternate file handles were inspected instead of finishing the numeric difference.
tasks_mini/k-4-d-3/task_3.json,error_tokens_reached,1,schema_file_thrash,"Cross-checked SNAP, foster-care, mental-health, staffing, and assistance datasets to narrow the county to Onondaga, then opened county-history text for the incorporation year.","After narrowing to Onondaga, it spent an extra turn peeking staff-dataset metadata before issuing the decisive case-openings query.",By turn 21 it had Onondaga's county-history/incorporation context and only needed the monthly case-opening check to finish the filter.,22,1-21; 23,"It delayed the final openings query until the very end, and the timeout hit before it could submit.","Turn 14 checks Onondaga staffing by year after earlier filters narrow the field.; Turn 21 greps Onondaga County history for city/incorporation language.; Turn 22 peeks staff metadata, then turn 23 finally runs the openings query and times out.",Extra staff-dataset metadata peeks delayed the decisive openings query.
tasks_mini/k-6-d-4/task_4.json,error_tokens_reached,1,schema_file_thrash,"Collected Texas summer meal and CACFP datasets and derived top lunch counties for 2016-2019, but never completed the 2015 top-five baseline or reimbursement-drop comparison.",No stable repeat loop; most turns were one-pass dataset identification and yearly lunch aggregation.,"By turn 16 it had lunch leaders for 2016-2019, but the missing 2015 cohort and child-center tie-breaker were still unresolved.",3,1-2; 4-16,An early dead-end search for a 2015 SSO dataset and the breadth of setup work left no budget for the reimbursement-drop and county-seat steps.,Turn 3 searches for 2015 SSO and only surfaces an irrelevant Gulf Coast page; Turns 13-16 compute county lunch totals for 2016-2019; The run crashes before any reimbursement-drop or child-center enrollment query appears,Dead-end dataset search and setup breadth crowded out the substantive county-seat work.
tasks_mini/k-5-d-4/task_10.json,error_tokens_reached,4,search_reformulation_loops,"Used downloads and code to narrow the county choice to Dallas, then stalled at the final university lookup.",Spent visible turns on empty meta-searches and a no-op code cell before the final county-to-university step.,Reached Dallas County but never extracted the public universities and their founding dates.,2-3; 16; 21,1; 4-15; 17-20,"After isolating Dallas, the run hit the timeout on a county-page grep and never submitted its best current answer.","Turns 2 and 3 were literal search_ideal queries for next sources and next.; Turn 16 ran an execute_code block that ended with pass and produced no output.; Turn 19 already showed Dallas had the smaller disability-recipient increase (-613 vs Harris +4462).; Turn 21 grep_file on Dallas_County,_Texas timed out with a submit-now warning, and no submit followed.",Empty meta-searches and setup churn replaced the final county-to-university step.
tasks_mini/k-2-d-3/task_2.json,error_tokens_reached,3,search_reformulation_loops,"The agent identified Washington, pulled FY2014-2016 contract counts for community colleges, and narrowed to Seattle/Green River/Spokane candidates, but it never consolidated them into the average-and-rank step.",It kept reformulating agency-name queries for the same Washington colleges across years instead of locking the three colleges and computing the averages.,"After reading the Washington article and resolving the likely college-name variants, it still had not switched into a final average calculation before more name-matching queries consumed the remaining budget.",19-21,1-18,The run stayed in a Seattle/college-name disambiguation loop and then kept firing exact-match count queries after the timeout warning rather than submitting a best answer.,"Turn 18 reads Washington_(state), the last missing non-tabular lookup for the 18th-largest-state condition.; Turns 19-20 rerun broader '%College%' queries for FY2015 and FY2016 instead of computing averages from the candidate schools already surfaced.; Turn 21 launches six exact-match count queries after the timeout warning, all cancelled.",It kept rephrasing the Washington college lookup across years rather than locking the candidate schools and finishing the average.
tasks_mini/k-7-d-3/task_6.json,error_tokens_reached,3,search_reformulation_loops,"Spent most of the run searching and probing parking-ticket files, then hit the timeout before it ever compared parking and moving-violation agencies across the target years.",Near-duplicate searches and file-format checks delayed any real January parking or moving aggregation.,"It surfaced an issuing-agency field from 2017 parking data, but had not yet established the year window or computed the cross-year agency averages.",2-3; 6,1; 4-5; 7-10,Search reformulations and schema inspection consumed the remaining budget before the run got to the moving-violation comparison or department-head lookup.,"Turns 2-3 issue near-duplicate search_ideal queries for parking and moving January datasets.; Turn 6 inspects 2017 headers.txt rather than querying the listed parking and moving tables.; Turn 8 only greps for ISSUING fields, and Turn 10 times out while still listing the LAX dataset.",Near-duplicate searches and file-format checks delayed the real aggregation work.
tasks_mini/k-7-d-3/task_9.json,error_tokens_reached,3,search_reformulation_loops,"Correctly computed the jail-census and ridership comparison years, but then stalled in parking and moving metadata inspection and never reached the agency comparison or university lookup.",Repeated continuation searches and metadata peeks replaced a direct query over the relevant 2019 parking and moving tables.,"By Turn 12 it had the year-window endpoints, but it stopped before querying parking and moving citations for the candidate agencies.",2-3; 13,1; 4-12,"Once the year selectors were known, the run kept inspecting layer metadata instead of aggregating the ticket data, so it hit the token limit before the core agency-ranking step.","Turns 2-3 are back-to-back search_ideal(""continue"") calls.; Turn 10 computes 2019 as the max Allegheny jail-record year and Turn 12 computes 2021 as the lowest RGRTA ridership year.; Turn 13 opens parking-2019 0.txt/4.txt/catalog and moving-2019 0.txt/4.txt instead of querying the ticket tables.",Continuation searches and metadata peeks replaced the direct 2019 table query.
tasks_mini/k-4-d-4/task_3.json,error_tokens_reached,2,search_reformulation_loops,Stayed in broad source-discovery mode and never reached a concrete firm or city lookup.,Rephrased the same multi-clue search after the first search returned unrelated Texas results.,"No relevant contractor, city, or interpreter source was opened.",1-2,,The run burned budget inside low-yield search recursion before any grounded entity or file step.,Turn 1 search returned texas-state-expenditures-by-county datasets.; Turn 2 rephrased the same contractor query and returned Denton and Nueces County pages.; The run crashed after 76 tools without any visible file read or query step.,The same multi-clue search was reformulated after the first result missed the target.
tasks_mini/k-7-d-3/task_10.json,error_tokens_reached,2,search_reformulation_loops,"Solved the fuel-sales year and opened Chicago budget and LAX datasets, but never completed the cross-year department comparison or the final university/year lookup.","After finding the max fuel-sales year, it revisited search and setup steps instead of executing the remaining charter-passenger and historical budget comparisons.","It had partial numeric progress on 2019 budget and fuel-year selection, but it never computed the charter-passenger year or the final department-head chain.",15; 17,1-14; 16; 18,"Late turns reopened already-solved subproblems, so the unresolved budget-history and biography steps were still unfinished when tokens ran out.",Turn 15 repeats search_ideal for 2017 Chicago budget data and gets a plan-exhausted result.; Turn 17 reruns the gasoline/gasohol year aggregation after Turn 8 already identified 2019.; Turn 14 only previews LAX rows; no later charter-passenger aggregation appears before failure.,It revisited search and setup steps instead of executing the last comparison queries.
