task_id,log_error_bucket,estimated_wasted_turns,extracted_error_type,extracted_error_evidence,turn_waste_local_group,turn_waste_summary,turn_repeated_behavior,turn_progress_stop_point,wasted_turn_ranges,productive_turn_ranges,turn_budget_failure_reason,turn_waste_evidence,turn_waste_local_group_reason,turn_waste_validation_status,turn_waste_validation_notes,turn_waste_log_max_turn,turn_waste_model_validation_status,turn_waste_model_validation_notes
tasks_mini/k-4-d-3/task_10.json,error_turns_exhausted,13,hard timeout after submit-only stop warning,Turn 31 tool result reported timeout and instructed immediate submit; Turn 32 was cancelled by hard timeout.,Answer-path overchecking,"Found the relevant detention, jail, STAR, and violent-crime datasets, but never moved from Erie/Monroe violent-crime ranking to county-seat incorporation before timeout.","Repeated candidate-filter checks for youth detention, jail census, STAR, and Suffolk/Nassau rows after enough data existed to proceed.","After Turn 22, violent-crime rows showed Erie ahead of Monroe; the run then returned to rechecking filters instead of finding the incorporation year.",16-19; 23-31,1-15; 20-22,The agent spent the remaining budget revalidating already-found candidate criteria and made another Suffolk jail query at timeout instead of submitting or searching the final incorporation fact.,"Turn 15 | Tool result: {""dataset_id"": ""annual-youth-detention-admissions-by-county-beginning-2006"", ""file_path"": ""files/rows.txt"", ""s3_uri"": ""s3://lakeqa-yc4103-datalake/datagov/annual-youth-detention-admissions-by-county-beginning-2006/files/rows.txt"", ""columns"": [""answer""], ""rows"": [[""Erie County""], [""Monroe County""], [""Westchester County""], [""Onondaga County""], [""Nassau County""]], ""row_count"": 5, ""truncated"": false}; Turn 22 | ""rows"": [[""Kings"", 15249], [""Bronx"", 14819], [""New York"", 11721], [""Queens"", 10262], [""Erie"", 3493], [""Monroe"", 2320]; Turn 23 | Executing: query_ideal({""dataset_id"": ""nys-school-tax-relief-star-reimbursement-by-county-beginning-levy-year-1998"", ""file_path"": ""files/rows.txt""; Turn 24 | ""intent"": ""Get 2015 youth detention admission totals for Erie, Monroe, Suffolk""}); Turn 26 | ""intent"": ""Confirm Suffolk youth detention admissions in 2015""}); Turn 27 | Executing: grep_file({""dataset_id"": ""jail-population-by-county-beginning-1997"", ""file_path"": ""files/rows.txt"", ""regex_pattern"": ""Suffolk,2021"", ""context_lines"": 2}); Turn 31 | Tool result: Tool call cancelled. Timeout reached (610.9s elapsed). You must stop using other tools and immediately call submit_answer with your best current answer and reasoning. Do not call any other tool before submit_answer. You MUST follow this guidance immediately.; Turn 32 | Hard timeout reached (600s timeout + 30s submit grace exhausted). Cancelling agent invocation.","After evidence showed Erie ahead of Monroe, the run rechecked detention, jail, STAR, and Suffolk/Nassau filters instead of finding the incorporation year.",valid,,32,pass,Model validator pass: row grounded in the raw task log.
tasks_mini/k-5-d-2/task_5.json,error_turns_exhausted,10,hard timeout / turns exhausted,Hard timeout reached (600s timeout + 30s submit grace exhausted).,Answer-path overchecking,"Found the fatality-filtered counties and later the 2021 model-based top-two subset, but timed out before submitting the bay answer.","Repeated drug-poisoning queries with wrong year, field, or county scope, including broad all-Texas rankings after the needed subset result was available.","Turn 24 produced the model-based top-two subset; the remaining work was the Victoria County seat, river, and bay lookup.",14-21; 25-26,1-13; 22-24,"The run spent its late budget on mis-scoped and duplicate drug-rate queries, leaving no time to complete the final geography lookup and submit.","Turn 12 | Tool result: {""success"": true, ""dataset_id"": ""nchs-drug-poisoning-mortality-by-county-united-states-20278""; Turn 14 | Executing: query_ideal({""dataset_id"": ""nchs-drug-poisoning-mortality-by-county-united-states-20278"", ""file_path"": ""files/rows.txt"", ""sql"": ""SELECT \""Estimated Age-adjusted Death Rate, 16 Categories (in ranges)\"" AS rate_cat, COUNT(*) AS n FROM 'files/rows.txt' AS t WHERE Year=2016 AND State='Texas' GROUP BY rate_cat ORDER BY n ASC LIMIT 50; Turn 16 | Executing: query_ideal({""dataset_id"": ""nchs-drug-poisoning-mortality-by-county-united-states-20278"", ""file_path"": ""files/rows.txt"", ""sql"": ""SELECT \""Estimated Age-adjusted Death Rate, 16 Categories (in ranges)\"" AS rate_cat, COUNT(*) AS n FROM 'files/rows.txt' AS t WHERE Year=2021 AND State='Texas' GROUP BY rate_cat ORDER BY rate_cat DESC LIMIT 5; Turn 19 | Executing: search_ideal({""query"": ""Willacy County seat Raymondville river Arroyo Colorado Raymondville river flows into bay which bay 'Arroyo Colorado' flows into 'Laguna Madre' 'Willacy County Raymondville river'""}); Turn 24 | Tool result: {""success"": true, ""dataset_id"": ""nchs-drug-poisoning-mortality-by-county-united-states"", ""file_path"": ""files/rows.txt"", ""s3_uri"": ""s3://lakeqa-yc4103-datalake/datagov/nchs-drug-poisoning-mortality-by-county-united-states/files/rows.txt"", ""columns"": [""answer""], ""rows"": [[[""Victoria County"", ""Comal County""]]]; Turn 25 | Executing: query_ideal({""dataset_id"": ""nchs-drug-poisoning-mortality-by-county-united-states"", ""file_path"": ""files/rows.txt"", ""sql"": ""SELECT County, \""Model-based Death Rate\"" AS rate FROM 'files/rows.txt' AS t WHERE Year=2021 AND State='Texas' ORDER BY rate DESC LIMIT 5; Turn 26 | Executing: query_ideal({""dataset_id"": ""nchs-drug-poisoning-mortality-by-county-united-states"", ""file_path"": ""files/rows.txt"", ""sql"": ""SELECT County, \""Model-based Death Rate\"" AS rate FROM 'files/rows.txt' AS t WHERE Year=2021 AND State='Texas' ORDER BY \""Model-based Death Rate\"" DESC LIMIT 5; Turn 27 | Tool result: Tool call cancelled. Timeout reached (623.8s elapsed). You must stop using other tools and immediately call submit_answer with your best current answer and reasoning.","Once the 2021 top-two Texas counties were available, the run reran broad drug-rate rankings instead of completing the Victoria geography lookup and submitting.",valid,,28,pass,Model validator pass: row grounded in the raw task log.
tasks_mini/k-6-d-3/task_4.json,error_turns_exhausted,2,error_turns_exhausted / hard timeout,Hard timeout reached (600s timeout + 30s submit grace exhausted).,Answer-path overchecking,"The agent found the ACT/Iowa path, gathered the needed school datasets, reached an answer-bearing postsecondary count, but did not submit before timeout.","After the answer-bearing count was available, it continued rechecking public-school and broader postsecondary county counts.",Turn 28 returned 11; turns 29-30 continued extra computation before the hard timeout at turn 31.,29-30,1-9; 11-18; 20; 22; 25-28,"The final usable turns were spent on redundant/broader recomputation after an answer-bearing query returned 11, and no submit_answer occurred before timeout.","Turn 27 | Tool result: {""dataset_id"": ""school-district-office-locations-current-d848f"", ""file_path"": ""files/nces::school-district-office-locations-current-1.txt"", ""s3_uri"": ""s3://lakeqa-yc4103-datalake/datagov/school-district-office-locations-current-d848f/files/nces::school-district-office-locations-current-1.txt"", ""columns"": [""county"", ""cnt""], ""rows"": [[""Polk County"", 12], [""Linn County"", 11], [""Pottawattamie County"", 8]], ""row_count"": 3, ""truncated"": false}; Turn 28 | Tool result: {""dataset_id"": ""postsecondary-school-locations-2019-20-64b31"", ""file_path"": ""files/data-cbxYz6.txt"", ""s3_uri"": ""s3://lakeqa-yc4103-datalake/datagov/postsecondary-school-locations-2019-20-64b31/files/data-cbxYz6.txt"", ""columns"": [""answer""], ""rows"": [[""11""]], ""row_count"": 1, ""truncated"": false}; Turn 29 | Executing: parse_xml_records({""dataset_id"": ""public-school-locations-2018-19-42360"", ""file_path"": ""files/data.txt"", ""record_tag"": ""Placemark"", ""fields"": [""STFIP"", ""CNTY"", ""NMCNTY""], ""group_by"": [""CNTY"", ""NMCNTY""], ""limit"": 10, ""filters"": {""STFIP"": ""19""}}); Turn 30 | Executing: query_ideal({""dataset_id"": ""postsecondary-school-locations-2019-20-64b31"", ""file_path"": ""files/data-cbxYz6.txt"", ""sql"": ""SELECT properties->>'NMCNTY' as county, COUNT(*) as cnt FROM json_each(t.features) WHERE properties->>'STFIP' = '19' AND properties->>'NMCNTY' IN ('Polk County','Linn County','Scott County','Sioux County','Pottawattamie County') GROUP BY county ORDER BY cnt DESC"", ""intent"": ""Get postsecondary institution counts for specified Iowa counties""}); Turn 31 | Hard timeout reached (600s timeout + 30s submit grace exhausted). Cancelling agent invocation.","After an answer-bearing postsecondary count of 11 appeared, the run performed extra public-school and county-count recomputation and timed out without submitting.",valid,,31,pass,Model validator pass: row grounded in the raw task log.
tasks_mini/k-5-d-1/task_4.json,error_turns_exhausted,15,hard timeout / turns exhausted,Hard timeout reached (600s timeout + 30s submit grace exhausted).,Dataset extraction thrash,"Found the main NYPD datasets and schemas, but never completed the stepwise computation before timeout.",Repeatedly re-searched for complaint data and retried failing execute_ideal/grep workarounds after earlier failures.,Stopped after a narrow grep_file on the large complaint dataset during the submit-grace timeout window.,5-7; 13-18; 20-21; 23-26,1-4; 8-12; 19; 22,"The agent spent many later turns on repeated dataset searches, repeated failed code-repair paths, duplicate grep work, and a final long grep instead of using the located datasets in a clean stepwise computation.","Turn 3 | Tool logical error (status=error): {""success"": false, ""error"": ""Cannot execute SQL: file is too big (2.82 GB >= 500 MB limit).""; Turn 5 | pd_desc.str.contains('|'.join(keywords)); Turn 6 | code = r""""""; Turn 13 | Executing: search_ideal({""query"": ""NYPD Complaint Data 2022 dataset; Turn 16 | Executing: search_ideal({""query"": ""nypd complaint 2022 dataset; Turn 20 | Executing: grep_file({""dataset_id"": ""nypd-complaint-data-historic"", ""file_path"": ""files/rows.txt"", ""regex_pattern"": ""2022.*QUEENS"", ""context_lines"": 0}); Turn 23 | Executing: search_ideal({""query"": ""Queens complaints 2022 precinct counts; Turn 26 | Executing: grep_file({""dataset_id"": ""nypd-complaint-data-historic"", ""file_path"": ""files/rows.txt"", ""regex_pattern"": ""(?i)(?=.*2022)(?=.*QUEENS)(?=.*,100,)"", ""context_lines"": 0}); Turn 26 | Hard timeout reached (600s timeout + 30s submit grace exhausted). Cancelling agent invocation.","The run located NYPD complaint data but spent many turns on repeated searches, failed execution paths, and grep workarounds against the large dataset.",valid,,27,pass,Model validator pass after no-subagents retry: row grounded in the raw task log.
tasks_mini/k-3-d-4/task_4.json,error_turns_exhausted,10,hard timeout after repeated low-yield postsecondary extraction attempts,Hard timeout reached (600s timeout + 30s submit grace exhausted).,Dataset extraction thrash,"The agent found the relevant school-location datasets and obtained public, private, and district-office counts, but never cleanly extracted the needed postsecondary count before timeout.","Repeated postsecondary-count attempts with mismatched query shapes, grep/read fallbacks, and sandbox-file inspection instead of converging to the needed county count.","After Turn 11 it had district-office results and postsecondary schema context, then spent the tail trying to recover postsecondary counts.",12-14; 16-22,1-11; 15,"The run consumed remaining budget on repeated postsecondary query, grep, read, and execute attempts, then hit the submit-only timeout warning and hard timeout.","Turn 12 | Executing: query_ideal({""dataset_id"": ""postsecondary-school-locations-current-5a74c"", ""file_path"": ""files/Postsecondary_School_Locations_Current_-3631565628879840217.txt"", ""sql"": ""SELECT u.f.properties->> 'CNTY' as county_fips; Turn 13 | Executing: query_ideal({""dataset_id"": ""postsecondary-school-locations-current-5a74c"", ""file_path"": ""files/Postsecondary_School_Locations_Current_-3631565628879840217.txt"", ""sql"": ""SELECT u.f.properties->> 'CNTY' as county_fips; Turn 14 | Tool logical error (status=error): {""success"": false, ""error"": ""SQL repair failed: JSONDecodeError: Unterminated string starting at: line 1 column 558 (char 557)""}; Turn 16 | Executing: grep_file({""dataset_id"": ""postsecondary-school-locations-current-5a74c"", ""file_path"": ""files/Postsecondary_School_Locations_Current_-3631565628879840217.txt"", ""regex_pattern"": ""\""CNTY\""\\s*:\\s*\""06037\""""; Turn 17 | Tool result: {""dataset_id"": ""postsecondary-school-locations-current-5a74c"", ""file_path"": ""files/Postsecondary_School_Locations_Current_-3631565628879840217.txt"", ""s3_uri"": ""s3://lakeqa-yc4103-datalake/datagov/postsecondary-school-locations-current-5a74c/files/Postsecondary_School_Locations_Current_-3631565628879840217.txt"", ""match_count"": 1, ""returned_matches"": 0, ""truncated_matches"": true; Turn 19 | Executing: download({}); Turn 20 | Tool result: {""dataset_id"": ""postsecondary-school-locations-current-5a74c"", ""file_path"": ""files/Postsecondary_School_Locations_Current_-3631565628879840217.txt"", ""s3_uri"": ""s3://lakeqa-yc4103-datalake/datagov/postsecondary-school-locations-current-5a74c/files/Postsecondary_School_Locations_Current_-3631565628879840217.txt"", ""start_line"": 0, ""returned_lines"": 0, ""truncated"": true; Turn 22 | Tool result: Tool call cancelled. Timeout reached (612.2s elapsed). You must stop using other tools and immediately call submit_answer with your best current answer and reasoning. Do not call any other tool before submit_answer.; Turn 23 | Hard timeout reached (600s timeout + 30s submit grace exhausted). Cancelling agent invocation.",The run had school-location context and counts but repeatedly tried malformed or low-yield postsecondary extraction paths until timeout.,valid,,23,pass,Model validator pass: row grounded in the raw task log.
tasks_mini/k-4-d-3/task_7.json,error_tools_limit,18,tool-call limit reached during repeated search_ideal use,Tool limit reached on Turn 31 after another street-sweeping search query.,Repeated final-source search,"Searched for DC street-sweeping schedules, found charter-school data, inspected Ward 2 school records, but never resolved the Ward 2 vs Ward 5 sweeping comparison.","Repeated near-duplicate search_ideal queries for DC street sweeping schedules/zones after many no-result responses, instead of using or inspecting the earlier picked street-sweeping datasets.",Last concrete progress was identifying dc-charter-schools and grepping Ward 2 matches; the run then returned to repeated street-sweeping searches until the tool limit.,10-16; 20-24; 26-31,1-2; 9; 17-19; 25,The run spent most later turns reformulating the missing street-sweeping schedule search and hit the 30-call tool limit before deriving the ward comparison or final county.,"Turn 2 | Executing: search_ideal({""query"": ""District of Columbia street sweeping schedule 2022 2023 2024 'street sweeping schedule' 'DC Department of Public Works' 'sweeping' 'ward'""}); Turn 9 | Executing: search_ideal({""query"": ""DC charter schools Ward 2 Ward 5 'grades 8' 'grade 9' 'charter' 'Ward 2' 'Ward 5' 'Washington DC'""}); Turn 19 | Executing: read_file({""dataset_id"": ""dc-charter-schools"", ""file_path"": ""files/data.txt"", ""start_line"": 0, ""max_lines"": 200}); Turn 25 | Executing: grep_file({""dataset_id"": ""dc-charter-schools"", ""file_path"": ""files/data.txt"", ""regex_pattern"": ""\""WARD\"": \""Ward 2\"""", ""context_lines"": 2}); Turn 26 | Executing: search_ideal({""query"": ""\""street sweeping schedule\"" \""Washington\"" '2024' 'Ward' 'street sweeping schedule' dataset site:gov 'Washington' 'DC' 'street sweeping' 'schedule' 'sweeping'""}); Turn 30 | Executing: search_ideal({""query"": ""\""Residential Street Sweeping\"" \""District of Columbia\"" schedule 2024 'map' 'Ward' 'street sweeping'""}); Turn 31 | Tool result: Tool call cancelled. Tool limit reached (30/30 calls used). You must stop using other tools and immediately call submit_answer with your best current answer and reasoning. Do not call any other tool before submit_answer. You MUST follow this guidance immediately.","After identifying charter-school evidence, the run repeatedly searched for DC street-sweeping schedules and zones until the tool limit.",valid,,33,pass,Model validator pass: row grounded in the raw task log.
tasks_mini/k-4-d-2/task_1.json,error_tools_limit,10,tool limit after repeated no-result searches,Tool call cancelled. Tool limit reached (30/30 calls used).,Repeated final-source search,"Located the progress-report, grade, and school-location facts, then stalled on the final demographic source.",Repeated near-duplicate search_ideal queries for 2010 Census/ZCTA/White race data after no-result responses.,"After Turn 21 returned no census race-by-ZIP dataset, later turns kept reformulating the same search until the tool limit.",22-31,1-21,The remaining budget was spent on repeated census ZCTA dataset searches instead of changing strategy after repeated Dataset not found results.,"Turn 21 | Executing: search_ideal({""query"": ""2010 census race by ZIP code percentage White 2010 'ZIP Code Tabulation Area' 'ZCTA' 'White' '2010' dataset NYC 'race by zip 2010'""}); Turn 21 | Tool result: {""results"": [], ""count"": 0, ""query"": ""2010 census race by ZIP code percentage White 2010 'ZIP Code Tabulation Area' 'ZCTA' 'White' '2010' dataset NYC 'race by zip 2010'"", ""message"": ""Dataset not found"", ""plan_exhausted"": false}; Turn 22 | Executing: search_ideal({""query"": ""2010 Census ZCTA race 'White' '2010' 'zip code' percent 'American FactFinder' 'race' 'PCT' dataset '2010 Census' 'ZCTA5'""}); Turn 28 | Executing: search_ideal({""query"": ""2010 ZCTA 'race' 'White alone' dataset 'ZCTA' '2010 Census' 'data.gov' 'zip code tabulation area' 'race by zcta' 'White' '2010'""}); Turn 30 | Tool result: {""results"": [], ""count"": 0, ""query"": ""dataset '2010 census zcta' 'race' 'White' 'ZCTA' 'rows.txt' 'decennial' '2010' 'ZCTA5' 'white alone' data.gov"", ""message"": ""Dataset not found"", ""plan_exhausted"": false}; Turn 31 | Tool result: Tool call cancelled. Tool limit reached (30/30 calls used). You must stop using other tools and immediately call submit_answer with your best current answer and reasoning. Do not call any other tool before submit_answer. You MUST follow this guidance immediately.; Turn 32 | Executing: submit_answer({""answer"": ""[Unable to complete — ran out of tool calls]"", ""reasoning"": ""I identified two top-3 2011–13 schools with 2010–11 Progress grade A (DBNs 13K439 ZIP 11201 and 18K563 ZIP 11203), but I could not retrieve 2010 census ZIP-level race percentages before the tool-call limit was reached.""})","After resolving the school facts, the run spent the remaining budget on near-duplicate no-result Census/ZCTA race searches.",valid,,33,pass,Model validator pass: row grounded in the raw task log.
tasks_mini/k-4-d-3/task_6.json,error_turns_exhausted,8,hard timeout after repeated searches,Hard timeout reached after turn 26 search_ideal was cancelled at 609.1s.,Repeated final-source search,"Computed budget/salary evidence for Chicago departments, then repeatedly searched for DFSS first-head history and timed out before submitting.","After the first no-result DFSS leadership search, it kept reformulating similar DFSS first-head/commissioner searches and briefly re-ran already explored ordinance queries.","Stopped after identifying Department of Family and Support Services as the apparent target, but could not find the first head before the timeout.",19-26,1-18,The agent spent the final turns on repeated no-result leadership-history searches instead of submitting a best-effort answer after the stop warning.,"Turn 18 | Executing: search_ideal({""query"": ""Chicago Department of Family and Support Services first head 'first head' 'commissioner' 'Department of Family and Support Services' history head Chicago DFSS first director""}); Turn 18 | Tool result: {""results"": [], ""count"": 0, ""query"": ""Chicago Department of Family and Support Services first head 'first head' 'commissioner' 'Department of Family and Support Services' history head Chicago DFSS first director"", ""message"": ""Dataset not found"", ""plan_exhausted"": false}; Turn 19 | Executing: search_ideal({""query"": ""Chicago Department of Family and Support Services first commissioner 'first commissioner of the Department of Family and Support Services' 'DFSS' history 'first head' Chicago 'Department of Family and Support Services' 'commissioner'""}); Turn 20 | Executing: search_ideal({""query"": ""Department of Family and Support Services Chicago first head 'Department of Family and Support Services' first commissioner 'first head' 'DFSS' 'Chicago' 'commissioner' 'history' 'first'""}); Turn 23 | Executing: search_ideal({""query"": ""Department of Family and Support Services Chicago first head 'first director' 'first commissioner' 'DFSS' 'history' 'Chicago' 'first head' 'founder' 'established' 'commissioner DFSS' 'first'""}); Turn 26 | Tool result: Tool call cancelled. Timeout reached (609.1s elapsed). You must stop using other tools and immediately call submit_answer with your best current answer and reasoning. Do not call any other tool before submit_answer. You MUST follow this guidance immediately.","After reaching the likely Chicago department target, the run repeatedly reformulated no-result DFSS first-head searches until timeout.",valid,,27,pass,Model validator pass: row grounded in the raw task log.
tasks_mini/k-4-d-4/task_4.json,error_turns_exhausted,6,hard timeout after repeated salary searches,Hard timeout reached (600s timeout + 30s submit grace exhausted).,Repeated final-source search,"Found the health and overtime evidence and reached the Chicago Police salary step, then timed out without submitting.",Repeatedly reformulated searches for Chicago Police 2025 starting salary after finding Chicago_Police_Department.,Turn 24 found the Chicago_Police_Department source; turns 25-30 kept searching salary terms until timeout.,25-30,1-24,"The final six turns were near-duplicate salary searches after a relevant Chicago_Police_Department source had already been found, and the last search was cancelled by timeout.","Turn 24 | Executing: search_ideal({""query"": ""Chicago Police starting salary 2025 \""starting salary\"" Police 2025 city of Chicago salary schedule 'Police' 'starting salary' 2025 dataset""}); Turn 24 | Tool result: {""results"": [{""dataset_id"": ""Chicago_Police_Department""; Turn 25 | Executing: search_ideal({""query"": ""City of Chicago salary schedule 2025 'starting salary' 'Police' 'Fire' 'Water Management' 2025 salary schedule pdf cityofchicago.org 'salary schedule' 2025 'starting'""}); Turn 26 | Executing: search_ideal({""query"": ""City of Chicago 2025 salary schedule Police starting salary 'Police Officer' 2025 'starting salary' 'Pay Grade' 'salary schedule' 'City of Chicago' PDF 2025 'Police' 'starting'""}); Turn 27 | Executing: search_ideal({""query"": ""City of Chicago salaries 2025 Police starting salary 'Police Officer' 'starting salary' 'salary schedule' 'entry' '2025' dataset 'city of Chicago' 'salary schedule' 'pay grade' 'step 1' 'police'""}); Turn 28 | Executing: search_ideal({""query"": ""City of Chicago Police starting salary 2025 'salary schedule' 'Police Officer' 'step 1' '2025' 'salary' 'city of chicago' dataset""}); Turn 29 | Executing: search_ideal({""query"": ""\""starting salary\"" \""Chicago Police\"" 2025 \""Police Officer\"" \""starting\"" \""salary\"" \""City of Chicago\""""}); Turn 30 | Tool result: Tool call cancelled. Timeout reached (608.2s elapsed). You must stop using other tools and immediately call submit_answer with your best current answer and reasoning.; Turn 31 | Hard timeout reached (600s timeout + 30s submit grace exhausted). Cancelling agent invocation.","After finding a Chicago Police source, the run repeatedly searched for 2025 starting salary terms until timeout.",valid,,31,pass,Model validator pass: row grounded in the raw task log.
tasks_mini/k-4-d-4/task_9.json,error_event_loop,1,event-loop ReadError during model streaming,"Turn 6 shows Model response #6 failed with ReadError, followed by EventLoopException.",Runtime crash after early query failure,"Found the relevant Washington enrollment and assessment datasets, inspected schemas, then crashed before reaching census or college-location work.",Retried a single-year 2021-22 low-income county query after feedback instead of expanding to all four years with the required filters.,Stopped after a second incomplete 2021-22 low-income query; the next model response failed with an event-loop ReadError.,5,1-4,This was not a turn-budget or tool-budget failure; the run crashed after 5 tool starts because the event loop hit a ReadError.,"Turn 1 | Executing: search_ideal({""query"": ""Washington state school district low-income percent 2018-19 2019-20 2020-21 2021-22 district low-income enrollment percent dataset 2021-22 math proficiency by district county Washington 'Low-Income' 'Math' 2021-22 'district average'""}); Turn 3 | Executing: query_ideal({""dataset_id"": ""report-card-enrollment-2021-22-school-year"", ""file_path"": ""files/rows.txt"", ""sql"": ""SELECT \""County\"", SUM(CAST(\""All Students\"" AS INTEGER)) AS total_students, SUM(CAST(\""Low-Income\"" AS INTEGER)) AS low_income FROM \""rows.txt\"" t WHERE \""OrganizationLevel\""='District' GROUP BY \""County\"" ORDER BY \""County\"""", ""intent"": ""Compute county-level total students and low-income counts for 2021-22""}); Turn 5 | Executing: query_ideal({""dataset_id"": ""report-card-enrollment-2021-22-school-year"", ""file_path"": ""files/rows.txt"", ""sql"": ""SELECT \""County\"", SUM(\""All Students\"") AS all_students, SUM(\""Low-Income\"") AS low_income, 100.0*SUM(\""Low-Income\"")/SUM(\""All Students\"") AS pct_low\nFROM \""rows.txt\"" t\nWHERE \""OrganizationLevel\""='District'\nGROUP BY \""County\""\nORDER BY pct_low DESC"", ""intent"": ""Compute county-level low-income percent for 2021-22""}); Turn 5 | Tool logical error (status=error): {""success"": false, ""error"": ""SQL repair failed: JSONDecodeError: Unterminated string starting at: line 1 column 9382 (char 9381)""}; Turn 6 | Model response #6 failed: ReadError: ; Turn 6 | Agent crashed after 5 tool starts (69.7s): EventLoopException: ",The trace shows one incomplete low-income query retry before a model streaming ReadError and EventLoopException stopped the run.,valid,,6,pass,Model validator pass: row grounded in the raw task log.
